artifact_id, repo_path
"org.terrakube.terraform:terraform-spring-boot-autoconfigure","/Users/nabhansuwanachote/Desktop/research/msr-2025-challenge/repo/org.terrakube.terraform:terraform-spring-boot-autoconfigure"
"nl.axians:axians-opentelemetry-spring-boot-starter","/Users/nabhansuwanachote/Desktop/research/msr-2025-challenge/repo/nl.axians:axians-opentelemetry-spring-boot-starter"
"com.geetask:chunked-uploader","/Users/nabhansuwanachote/Desktop/research/msr-2025-challenge/repo/com.geetask:chunked-uploader"
"net.distilledcode:filevault-oak-reindex-hook","/Users/nabhansuwanachote/Desktop/research/msr-2025-challenge/repo/net.distilledcode:filevault-oak-reindex-hook"
"org.java-websocket:Java-WebSocket","/Users/nabhansuwanachote/Desktop/research/msr-2025-challenge/repo/org.java-websocket:Java-WebSocket"
"com.github.doobo:openpdf-ivs","/Users/nabhansuwanachote/Desktop/research/msr-2025-challenge/repo/com.github.doobo:openpdf-ivs"
"com.github.robtimus:obfuscation-json","/Users/nabhansuwanachote/Desktop/research/msr-2025-challenge/repo/com.github.robtimus:obfuscation-json"
"com.s24:redjob","/Users/nabhansuwanachote/Desktop/research/msr-2025-challenge/repo/com.s24:redjob"
"org.sourcelab:kafka-webview-ui","/Users/nabhansuwanachote/Desktop/research/msr-2025-challenge/repo/org.sourcelab:kafka-webview-ui"
"io.github.hiskrtapps:apocalypse-dao-springjdbc","/Users/nabhansuwanachote/Desktop/research/msr-2025-challenge/repo/io.github.hiskrtapps:apocalypse-dao-springjdbc"
"net.cactusthorn.config:jasypt","/Users/nabhansuwanachote/Desktop/research/msr-2025-challenge/repo/net.cactusthorn.config:jasypt"
"nl.hsac:hsac-fitnesse-email","/Users/nabhansuwanachote/Desktop/research/msr-2025-challenge/repo/nl.hsac:hsac-fitnesse-email"
"cz.alry:plantuml-maven-plugin","/Users/nabhansuwanachote/Desktop/research/msr-2025-challenge/repo/cz.alry:plantuml-maven-plugin"
"com.charlyghislain.authenticator:authenticator-application-api","/Users/nabhansuwanachote/Desktop/research/msr-2025-challenge/repo/com.charlyghislain.authenticator:authenticator-application-api"
"media.pepperpot.tca:tomcat-jwt-authenticator","/Users/nabhansuwanachote/Desktop/research/msr-2025-challenge/repo/media.pepperpot.tca:tomcat-jwt-authenticator"
"ch.rasc:wampspring","/Users/nabhansuwanachote/Desktop/research/msr-2025-challenge/repo/ch.rasc:wampspring"
"com.github.bartlomiej-gora:RPNLibrary","/Users/nabhansuwanachote/Desktop/research/msr-2025-challenge/repo/com.github.bartlomiej-gora:RPNLibrary"
"be.idamediafoundry.sofa:mapper-api","/Users/nabhansuwanachote/Desktop/research/msr-2025-challenge/repo/be.idamediafoundry.sofa:mapper-api"
"se.sawano.eureka:legacy-registrar","/Users/nabhansuwanachote/Desktop/research/msr-2025-challenge/repo/se.sawano.eureka:legacy-registrar"
"io.split.integrations.azure:azure-spring-cloud-feature-management","/Users/nabhansuwanachote/Desktop/research/msr-2025-challenge/repo/io.split.integrations.azure:azure-spring-cloud-feature-management"
"io.probedock.rt.client:probedock-rt-itf","/Users/nabhansuwanachote/Desktop/research/msr-2025-challenge/repo/io.probedock.rt.client:probedock-rt-itf"
"org.ibboost.orqa:orqa-maven-plugin","/Users/nabhansuwanachote/Desktop/research/msr-2025-challenge/repo/org.ibboost.orqa:orqa-maven-plugin"
"com.github.usc:wechat-mp-sdk","/Users/nabhansuwanachote/Desktop/research/msr-2025-challenge/repo/com.github.usc:wechat-mp-sdk"
"org.jmdware:s3-bucket-recursor","/Users/nabhansuwanachote/Desktop/research/msr-2025-challenge/repo/org.jmdware:s3-bucket-recursor"
"org.graphfoundation.ongdb:ongdb-geequel-slotted-runtime","/Users/nabhansuwanachote/Desktop/research/msr-2025-challenge/repo/org.graphfoundation.ongdb:ongdb-geequel-slotted-runtime"
"org.slieb:html-exception-formatter","/Users/nabhansuwanachote/Desktop/research/msr-2025-challenge/repo/org.slieb:html-exception-formatter"
"org.sentrysoftware.maven:maven-skin-tools","/Users/nabhansuwanachote/Desktop/research/msr-2025-challenge/repo/org.sentrysoftware.maven:maven-skin-tools"
"com.qualizeal.community:layouts","/Users/nabhansuwanachote/Desktop/research/msr-2025-challenge/repo/com.qualizeal.community:layouts"
"de.jpdigital:hibernate6-ddl-maven-plugin-core","/Users/nabhansuwanachote/Desktop/research/msr-2025-challenge/repo/de.jpdigital:hibernate6-ddl-maven-plugin-core"
"com.datadoghq:java-dogstatsd-client","/Users/nabhansuwanachote/Desktop/research/msr-2025-challenge/repo/com.datadoghq:java-dogstatsd-client"
"com.squareup.pagerduty:pagerduty-incidents","/Users/nabhansuwanachote/Desktop/research/msr-2025-challenge/repo/com.squareup.pagerduty:pagerduty-incidents"
"de.enlightened:sql-enum-generator-maven-plugin","/Users/nabhansuwanachote/Desktop/research/msr-2025-challenge/repo/de.enlightened:sql-enum-generator-maven-plugin"
"com.qdesrame:openapi-diff","/Users/nabhansuwanachote/Desktop/research/msr-2025-challenge/repo/com.qdesrame:openapi-diff"
"ru.r2cloud:rotctrldClient","/Users/nabhansuwanachote/Desktop/research/msr-2025-challenge/repo/ru.r2cloud:rotctrldClient"
"uk.co.rgordon:oj-ant","/Users/nabhansuwanachote/Desktop/research/msr-2025-challenge/repo/uk.co.rgordon:oj-ant"
"org.eclipse.esmf:esmf-aspect-meta-model-interface","/Users/nabhansuwanachote/Desktop/research/msr-2025-challenge/repo/org.eclipse.esmf:esmf-aspect-meta-model-interface"
"me.kingjan1999.fhdw:alphacamunda","/Users/nabhansuwanachote/Desktop/research/msr-2025-challenge/repo/me.kingjan1999.fhdw:alphacamunda"
"at.makubi.maven.plugin:avrohugger-maven-plugin","/Users/nabhansuwanachote/Desktop/research/msr-2025-challenge/repo/at.makubi.maven.plugin:avrohugger-maven-plugin"
"org.antframework.sync:sync","/Users/nabhansuwanachote/Desktop/research/msr-2025-challenge/repo/org.antframework.sync:sync"
"de.flapdoodle.reverse:de.flapdoodle.reverse","/Users/nabhansuwanachote/Desktop/research/msr-2025-challenge/repo/de.flapdoodle.reverse:de.flapdoodle.reverse"
"com.spotify:confidence-openfeature-provider","/Users/nabhansuwanachote/Desktop/research/msr-2025-challenge/repo/com.spotify:confidence-openfeature-provider"
"org.reaktivity:nukleus-auth-jwt.spec","/Users/nabhansuwanachote/Desktop/research/msr-2025-challenge/repo/org.reaktivity:nukleus-auth-jwt.spec"
"ru.greatbit:transitive-dependency-maven-plugin","/Users/nabhansuwanachote/Desktop/research/msr-2025-challenge/repo/ru.greatbit:transitive-dependency-maven-plugin"
"com.github.tcl-ec:tclsms","/Users/nabhansuwanachote/Desktop/research/msr-2025-challenge/repo/com.github.tcl-ec:tclsms"
"com.github.hazendaz.maven:smartsprites-maven-plugin","/Users/nabhansuwanachote/Desktop/research/msr-2025-challenge/repo/com.github.hazendaz.maven:smartsprites-maven-plugin"
"com.lahsivjar:gcp-storage-wagon","/Users/nabhansuwanachote/Desktop/research/msr-2025-challenge/repo/com.lahsivjar:gcp-storage-wagon"
"com.contrastsecurity:cassandra-migration","/Users/nabhansuwanachote/Desktop/research/msr-2025-challenge/repo/com.contrastsecurity:cassandra-migration"
"org.parttio:canvas-java","/Users/nabhansuwanachote/Desktop/research/msr-2025-challenge/repo/org.parttio:canvas-java"
"org.liurb.ai.sdk:java-ai-sdk","/Users/nabhansuwanachote/Desktop/research/msr-2025-challenge/repo/org.liurb.ai.sdk:java-ai-sdk"
"me.shakiba.jsonrpc:jsonrpc","/Users/nabhansuwanachote/Desktop/research/msr-2025-challenge/repo/me.shakiba.jsonrpc:jsonrpc"
"com.omertron:themoviedbapi","/Users/nabhansuwanachote/Desktop/research/msr-2025-challenge/repo/com.omertron:themoviedbapi"
"com.wandrell.tabletop:stats","/Users/nabhansuwanachote/Desktop/research/msr-2025-challenge/repo/com.wandrell.tabletop:stats"
"io.github.ci-cmg.cruise-pack:cruise-pack","/Users/nabhansuwanachote/Desktop/research/msr-2025-challenge/repo/io.github.ci-cmg.cruise-pack:cruise-pack"
"com.plugatar.xteps2:xteps2-selenide","/Users/nabhansuwanachote/Desktop/research/msr-2025-challenge/repo/com.plugatar.xteps2:xteps2-selenide"
"org.jodah:concurrentunit","/Users/nabhansuwanachote/Desktop/research/msr-2025-challenge/repo/org.jodah:concurrentunit"
"com.stenway:wsv","/Users/nabhansuwanachote/Desktop/research/msr-2025-challenge/repo/com.stenway:wsv"
"at.yawk.numaec:numa-eclipse-collections","/Users/nabhansuwanachote/Desktop/research/msr-2025-challenge/repo/at.yawk.numaec:numa-eclipse-collections"
"com.integralblue:httpresponsecache","/Users/nabhansuwanachote/Desktop/research/msr-2025-challenge/repo/com.integralblue:httpresponsecache"
"com.securionpay:securionpay-java","/Users/nabhansuwanachote/Desktop/research/msr-2025-challenge/repo/com.securionpay:securionpay-java"
"org.kquiet:hecate","/Users/nabhansuwanachote/Desktop/research/msr-2025-challenge/repo/org.kquiet:hecate"
"to.lova.jaxrs:jaxrs-range-filter","/Users/nabhansuwanachote/Desktop/research/msr-2025-challenge/repo/to.lova.jaxrs:jaxrs-range-filter"
"io.github.xkitsios:mix-piece_sim-piece","/Users/nabhansuwanachote/Desktop/research/msr-2025-challenge/repo/io.github.xkitsios:mix-piece_sim-piece"
"io.bspk:httpsig","/Users/nabhansuwanachote/Desktop/research/msr-2025-challenge/repo/io.bspk:httpsig"
"io.cloudslang.content:score-rft","/Users/nabhansuwanachote/Desktop/research/msr-2025-challenge/repo/io.cloudslang.content:score-rft"
"org.jpmml:jpmml-codemodel","/Users/nabhansuwanachote/Desktop/research/msr-2025-challenge/repo/org.jpmml:jpmml-codemodel"
"org.cryptomator:webdav-nio-adapter-servlet","/Users/nabhansuwanachote/Desktop/research/msr-2025-challenge/repo/org.cryptomator:webdav-nio-adapter-servlet"
"org.javaruntype:javaruntype","/Users/nabhansuwanachote/Desktop/research/msr-2025-challenge/repo/org.javaruntype:javaruntype"
"top.continew:continew-starter-api-doc","/Users/nabhansuwanachote/Desktop/research/msr-2025-challenge/repo/top.continew:continew-starter-api-doc"
"io.github.rctcwyvrn:blake3","/Users/nabhansuwanachote/Desktop/research/msr-2025-challenge/repo/io.github.rctcwyvrn:blake3"
"uk.co.modular-it:bean-utils","/Users/nabhansuwanachote/Desktop/research/msr-2025-challenge/repo/uk.co.modular-it:bean-utils"
"com.ttulka.spring.boot.configstore:configuration-properties-store-jdbc-spring-boot-starter","/Users/nabhansuwanachote/Desktop/research/msr-2025-challenge/repo/com.ttulka.spring.boot.configstore:configuration-properties-store-jdbc-spring-boot-starter"
"at.molindo:molindo-amazonclient","/Users/nabhansuwanachote/Desktop/research/msr-2025-challenge/repo/at.molindo:molindo-amazonclient"
"de.mytoys.maven.plugins:jspc-maven-plugin","/Users/nabhansuwanachote/Desktop/research/msr-2025-challenge/repo/de.mytoys.maven.plugins:jspc-maven-plugin"
"com.github.ajurasz:embedded-es-annotation","/Users/nabhansuwanachote/Desktop/research/msr-2025-challenge/repo/com.github.ajurasz:embedded-es-annotation"
"org.freehep:freehep-psviewer","/Users/nabhansuwanachote/Desktop/research/msr-2025-challenge/repo/org.freehep:freehep-psviewer"
"io.github.kilmajster:keycloak-event-listener-slack","/Users/nabhansuwanachote/Desktop/research/msr-2025-challenge/repo/io.github.kilmajster:keycloak-event-listener-slack"
"org.schmidrules:schmidrules","/Users/nabhansuwanachote/Desktop/research/msr-2025-challenge/repo/org.schmidrules:schmidrules"
"com.power4j.fist:fist-support-security","/Users/nabhansuwanachote/Desktop/research/msr-2025-challenge/repo/com.power4j.fist:fist-support-security"
"com.tosan.tools:tosan-mask-spring-boot-starter","/Users/nabhansuwanachote/Desktop/research/msr-2025-challenge/repo/com.tosan.tools:tosan-mask-spring-boot-starter"
"com.mobius-software.mqttsn:mqtt-sn-parser","/Users/nabhansuwanachote/Desktop/research/msr-2025-challenge/repo/com.mobius-software.mqttsn:mqtt-sn-parser"
"com.webotech:state-machine","/Users/nabhansuwanachote/Desktop/research/msr-2025-challenge/repo/com.webotech:state-machine"
"se.bjornblomqvist:jarinstaller","/Users/nabhansuwanachote/Desktop/research/msr-2025-challenge/repo/se.bjornblomqvist:jarinstaller"
"com.github.timols:seeder","/Users/nabhansuwanachote/Desktop/research/msr-2025-challenge/repo/com.github.timols:seeder"
"de.elomagic:spps-jbc","/Users/nabhansuwanachote/Desktop/research/msr-2025-challenge/repo/de.elomagic:spps-jbc"
"org.ianitrix:kafka-tracing-interceptors","/Users/nabhansuwanachote/Desktop/research/msr-2025-challenge/repo/org.ianitrix:kafka-tracing-interceptors"
"org.apache.servicecomb.pack:omega-spring-cloud-eureka-starter","/Users/nabhansuwanachote/Desktop/research/msr-2025-challenge/repo/org.apache.servicecomb.pack:omega-spring-cloud-eureka-starter"
"net.tirasa.connid.bundles:net.tirasa.connid.bundles.azure","/Users/nabhansuwanachote/Desktop/research/msr-2025-challenge/repo/net.tirasa.connid.bundles:net.tirasa.connid.bundles.azure"
"de.zalando:zmon-eventlog-service","/Users/nabhansuwanachote/Desktop/research/msr-2025-challenge/repo/de.zalando:zmon-eventlog-service"
"com.github.livesense:org.liveSense.service.apacheds","/Users/nabhansuwanachote/Desktop/research/msr-2025-challenge/repo/com.github.livesense:org.liveSense.service.apacheds"
"org.jsmart:rest-bdd-zerocode","/Users/nabhansuwanachote/Desktop/research/msr-2025-challenge/repo/org.jsmart:rest-bdd-zerocode"
"io.github.ucl-ingi:JavaGrader","/Users/nabhansuwanachote/Desktop/research/msr-2025-challenge/repo/io.github.ucl-ingi:JavaGrader"
"io.burt:athena-jdbc","/Users/nabhansuwanachote/Desktop/research/msr-2025-challenge/repo/io.burt:athena-jdbc"
"tech.energyit:fast-java-statsd-client","/Users/nabhansuwanachote/Desktop/research/msr-2025-challenge/repo/tech.energyit:fast-java-statsd-client"
"org.webframe:extjs","/Users/nabhansuwanachote/Desktop/research/msr-2025-challenge/repo/org.webframe:extjs"
"io.github.okvee:tscfg-docgen-core","/Users/nabhansuwanachote/Desktop/research/msr-2025-challenge/repo/io.github.okvee:tscfg-docgen-core"
"com.cogpunk:cogpunk-mathhammer","/Users/nabhansuwanachote/Desktop/research/msr-2025-challenge/repo/com.cogpunk:cogpunk-mathhammer"
"dev.mccue:jlayer-converter","/Users/nabhansuwanachote/Desktop/research/msr-2025-challenge/repo/dev.mccue:jlayer-converter"
"net.sf.jasperreports:jasperreports-chrome","/Users/nabhansuwanachote/Desktop/research/msr-2025-challenge/repo/net.sf.jasperreports:jasperreports-chrome"
"com.github.jiconfont:jiconfont-typicons","/Users/nabhansuwanachote/Desktop/research/msr-2025-challenge/repo/com.github.jiconfont:jiconfont-typicons"
"net.smartcosmos:smartcosmos-dao-relationships-default","/Users/nabhansuwanachote/Desktop/research/msr-2025-challenge/repo/net.smartcosmos:smartcosmos-dao-relationships-default"
"am.ik.yavi:yavi","/Users/nabhansuwanachote/Desktop/research/msr-2025-challenge/repo/am.ik.yavi:yavi"
"edu.iu.uits.lms:lms-canvas-viewem","/Users/nabhansuwanachote/Desktop/research/msr-2025-challenge/repo/edu.iu.uits.lms:lms-canvas-viewem"
"org.mapdb:mapdb-hz-offheap","/Users/nabhansuwanachote/Desktop/research/msr-2025-challenge/repo/org.mapdb:mapdb-hz-offheap"
"com.github.nikita-volkov.java:djdbc-functional-java","/Users/nabhansuwanachote/Desktop/research/msr-2025-challenge/repo/com.github.nikita-volkov.java:djdbc-functional-java"
"de.rub.nds:Asn1Tool","/Users/nabhansuwanachote/Desktop/research/msr-2025-challenge/repo/de.rub.nds:Asn1Tool"
"ca.mestevens.ios:xcode-project-parser","/Users/nabhansuwanachote/Desktop/research/msr-2025-challenge/repo/ca.mestevens.ios:xcode-project-parser"
"io.github.awidesky:ProcessExecutor","/Users/nabhansuwanachote/Desktop/research/msr-2025-challenge/repo/io.github.awidesky:ProcessExecutor"
"org.jisel:jisel","/Users/nabhansuwanachote/Desktop/research/msr-2025-challenge/repo/org.jisel:jisel"
"org.skife.vmware:vmrun-java-wrapper","/Users/nabhansuwanachote/Desktop/research/msr-2025-challenge/repo/org.skife.vmware:vmrun-java-wrapper"
"net.reevik:shade","/Users/nabhansuwanachote/Desktop/research/msr-2025-challenge/repo/net.reevik:shade"
"top.continew:continew-starter-security-crypto","/Users/nabhansuwanachote/Desktop/research/msr-2025-challenge/repo/top.continew:continew-starter-security-crypto"
"com.github.vicenthy.filehelpers4j:FileHelpers4J","/Users/nabhansuwanachote/Desktop/research/msr-2025-challenge/repo/com.github.vicenthy.filehelpers4j:FileHelpers4J"
"ca.exprofesso:guava-jcache","/Users/nabhansuwanachote/Desktop/research/msr-2025-challenge/repo/ca.exprofesso:guava-jcache"
"de.matrixweb.nodejs:nodejs","/Users/nabhansuwanachote/Desktop/research/msr-2025-challenge/repo/de.matrixweb.nodejs:nodejs"
"com.github.kasiprasad.contextspec:contextspec","/Users/nabhansuwanachote/Desktop/research/msr-2025-challenge/repo/com.github.kasiprasad.contextspec:contextspec"
"com.pcl-solutions.maven.wagons:rsync-maven-wagon","/Users/nabhansuwanachote/Desktop/research/msr-2025-challenge/repo/com.pcl-solutions.maven.wagons:rsync-maven-wagon"
"org.graylog2:syslog4j","/Users/nabhansuwanachote/Desktop/research/msr-2025-challenge/repo/org.graylog2:syslog4j"
"com.autognizant:ac-core","/Users/nabhansuwanachote/Desktop/research/msr-2025-challenge/repo/com.autognizant:ac-core"
"io.github.ericmedvet:jgea.problem","/Users/nabhansuwanachote/Desktop/research/msr-2025-challenge/repo/io.github.ericmedvet:jgea.problem"
"io.sdks:ev-recharge-sdk","/Users/nabhansuwanachote/Desktop/research/msr-2025-challenge/repo/io.sdks:ev-recharge-sdk"
"ch.randelshofer:org.jhotdraw8.collection","/Users/nabhansuwanachote/Desktop/research/msr-2025-challenge/repo/ch.randelshofer:org.jhotdraw8.collection"
"com.rubiconproject.oss:chendra","/Users/nabhansuwanachote/Desktop/research/msr-2025-challenge/repo/com.rubiconproject.oss:chendra"
"sh.tak.appbundler:appbundle-maven-plugin","/Users/nabhansuwanachote/Desktop/research/msr-2025-challenge/repo/sh.tak.appbundler:appbundle-maven-plugin"
"org.tickcode:BroadcastingInterfaces","/Users/nabhansuwanachote/Desktop/research/msr-2025-challenge/repo/org.tickcode:BroadcastingInterfaces"
"org.cubeengine.maven.plugins:githead-maven-plugin","/Users/nabhansuwanachote/Desktop/research/msr-2025-challenge/repo/org.cubeengine.maven.plugins:githead-maven-plugin"
"no.avexis:image-uploader","/Users/nabhansuwanachote/Desktop/research/msr-2025-challenge/repo/no.avexis:image-uploader"
"org.eclipse.ditto:ditto-signals-acks-things","/Users/nabhansuwanachote/Desktop/research/msr-2025-challenge/repo/org.eclipse.ditto:ditto-signals-acks-things"
"com.github.kristianhelgesen.aramis:aramis","/Users/nabhansuwanachote/Desktop/research/msr-2025-challenge/repo/com.github.kristianhelgesen.aramis:aramis"
"org.bboxdb:bboxdb","/Users/nabhansuwanachote/Desktop/research/msr-2025-challenge/repo/org.bboxdb:bboxdb"
"com.vaynberg.wicket.select25:wicket-select25","/Users/nabhansuwanachote/Desktop/research/msr-2025-challenge/repo/com.vaynberg.wicket.select25:wicket-select25"
"net.colesico.framework:colesico-openapi","/Users/nabhansuwanachote/Desktop/research/msr-2025-challenge/repo/net.colesico.framework:colesico-openapi"
"org.eclipse.digitaltwin.basyx:basyx.aasrepository-feature-mqtt","/Users/nabhansuwanachote/Desktop/research/msr-2025-challenge/repo/org.eclipse.digitaltwin.basyx:basyx.aasrepository-feature-mqtt"
"com.araguacaima:orpheus-db-test-jar","/Users/nabhansuwanachote/Desktop/research/msr-2025-challenge/repo/com.araguacaima:orpheus-db-test-jar"
"net.hydromatic:eigenbase-xom","/Users/nabhansuwanachote/Desktop/research/msr-2025-challenge/repo/net.hydromatic:eigenbase-xom"
"com.pastdev:jsch-nio","/Users/nabhansuwanachote/Desktop/research/msr-2025-challenge/repo/com.pastdev:jsch-nio"
"io.github.wistefan:gatling-aggregation-maven-plugin","/Users/nabhansuwanachote/Desktop/research/msr-2025-challenge/repo/io.github.wistefan:gatling-aggregation-maven-plugin"
"de.ralfebert:serialletter","/Users/nabhansuwanachote/Desktop/research/msr-2025-challenge/repo/de.ralfebert:serialletter"
"nl.42:spring-boot-starter-csv","/Users/nabhansuwanachote/Desktop/research/msr-2025-challenge/repo/nl.42:spring-boot-starter-csv"
"com.chaschev:chutils","/Users/nabhansuwanachote/Desktop/research/msr-2025-challenge/repo/com.chaschev:chutils"
"com.subshell.maven:resolver-maven-plugin","/Users/nabhansuwanachote/Desktop/research/msr-2025-challenge/repo/com.subshell.maven:resolver-maven-plugin"
"com.github.dcais:aggra","/Users/nabhansuwanachote/Desktop/research/msr-2025-challenge/repo/com.github.dcais:aggra"
"de.athalis.coreasm:coreasm-config","/Users/nabhansuwanachote/Desktop/research/msr-2025-challenge/repo/de.athalis.coreasm:coreasm-config"
"de.denktmit.testsupport.spring:spring-test-initializers","/Users/nabhansuwanachote/Desktop/research/msr-2025-challenge/repo/de.denktmit.testsupport.spring:spring-test-initializers"
"net.beardbot:subsonic-client","/Users/nabhansuwanachote/Desktop/research/msr-2025-challenge/repo/net.beardbot:subsonic-client"
"de.samply:reporter","/Users/nabhansuwanachote/Desktop/research/msr-2025-challenge/repo/de.samply:reporter"
"org.eclipse.ditto:ditto-model-namespaces","/Users/nabhansuwanachote/Desktop/research/msr-2025-challenge/repo/org.eclipse.ditto:ditto-model-namespaces"
"com.github.alaisi.pgasync:postgres-async-driver","/Users/nabhansuwanachote/Desktop/research/msr-2025-challenge/repo/com.github.alaisi.pgasync:postgres-async-driver"
"com.lyra:server-rest-sdk","/Users/nabhansuwanachote/Desktop/research/msr-2025-challenge/repo/com.lyra:server-rest-sdk"
"br.com.progolden:dne-utils","/Users/nabhansuwanachote/Desktop/research/msr-2025-challenge/repo/br.com.progolden:dne-utils"
"org.zkoss:zkgooglecharts","/Users/nabhansuwanachote/Desktop/research/msr-2025-challenge/repo/org.zkoss:zkgooglecharts"
"com.power4j:idempotent-guard-spring-boot-starter","/Users/nabhansuwanachote/Desktop/research/msr-2025-challenge/repo/com.power4j:idempotent-guard-spring-boot-starter"
"io.github.jodavimehran:code-tracker","/Users/nabhansuwanachote/Desktop/research/msr-2025-challenge/repo/io.github.jodavimehran:code-tracker"
"com.fuzhutech:fuzhutech-mybatis-generator","/Users/nabhansuwanachote/Desktop/research/msr-2025-challenge/repo/com.fuzhutech:fuzhutech-mybatis-generator"
"com.theoryinpractise:halbuilder-jaxrs","/Users/nabhansuwanachote/Desktop/research/msr-2025-challenge/repo/com.theoryinpractise:halbuilder-jaxrs"
"com.nectify:hornet-connector-java","/Users/nabhansuwanachote/Desktop/research/msr-2025-challenge/repo/com.nectify:hornet-connector-java"
"de.powerstat.validation:validation","/Users/nabhansuwanachote/Desktop/research/msr-2025-challenge/repo/de.powerstat.validation:validation"
"com.github.charithe:functional-java-plus","/Users/nabhansuwanachote/Desktop/research/msr-2025-challenge/repo/com.github.charithe:functional-java-plus"
"dev.stratospheric:cdk-constructs","/Users/nabhansuwanachote/Desktop/research/msr-2025-challenge/repo/dev.stratospheric:cdk-constructs"
"network.oxalis.vefa:peppol-icd","/Users/nabhansuwanachote/Desktop/research/msr-2025-challenge/repo/network.oxalis.vefa:peppol-icd"
"de.frachtwerk:essencium-backend-storage-module","/Users/nabhansuwanachote/Desktop/research/msr-2025-challenge/repo/de.frachtwerk:essencium-backend-storage-module"
"com.sqlancer:sqlancer","/Users/nabhansuwanachote/Desktop/research/msr-2025-challenge/repo/com.sqlancer:sqlancer"
"de.vandermeer:ascii-utf-themes","/Users/nabhansuwanachote/Desktop/research/msr-2025-challenge/repo/de.vandermeer:ascii-utf-themes"
"com.abstratt:cloudfier-maven-plugin","/Users/nabhansuwanachote/Desktop/research/msr-2025-challenge/repo/com.abstratt:cloudfier-maven-plugin"
"com.sachinhandiekar:jInstagram","/Users/nabhansuwanachote/Desktop/research/msr-2025-challenge/repo/com.sachinhandiekar:jInstagram"
"org.kiwiproject:retrying-again","/Users/nabhansuwanachote/Desktop/research/msr-2025-challenge/repo/org.kiwiproject:retrying-again"
"com.jamierf.dropwizard:dropwizard-logging-gelf","/Users/nabhansuwanachote/Desktop/research/msr-2025-challenge/repo/com.jamierf.dropwizard:dropwizard-logging-gelf"
"br.com.progolden:vraptor-boilerplate-hibernate","/Users/nabhansuwanachote/Desktop/research/msr-2025-challenge/repo/br.com.progolden:vraptor-boilerplate-hibernate"
"org.swordapp:sword2-client","/Users/nabhansuwanachote/Desktop/research/msr-2025-challenge/repo/org.swordapp:sword2-client"
"io.openmessaging:registry-server","/Users/nabhansuwanachote/Desktop/research/msr-2025-challenge/repo/io.openmessaging:registry-server"
"org.commonjava.maven.plugins:monolith-maven-plugin","/Users/nabhansuwanachote/Desktop/research/msr-2025-challenge/repo/org.commonjava.maven.plugins:monolith-maven-plugin"
"cloud.pianola:cdk-fluent-assertions","/Users/nabhansuwanachote/Desktop/research/msr-2025-challenge/repo/cloud.pianola:cdk-fluent-assertions"
"com.github.sebhoss:fiscal-year","/Users/nabhansuwanachote/Desktop/research/msr-2025-challenge/repo/com.github.sebhoss:fiscal-year"
"com.bq.oss.lib:cli","/Users/nabhansuwanachote/Desktop/research/msr-2025-challenge/repo/com.bq.oss.lib:cli"
"de.digitalcollections.cudami:cudami-website-frontend","/Users/nabhansuwanachote/Desktop/research/msr-2025-challenge/repo/de.digitalcollections.cudami:cudami-website-frontend"
"io.github.willhains:package-info-maven-plugin","/Users/nabhansuwanachote/Desktop/research/msr-2025-challenge/repo/io.github.willhains:package-info-maven-plugin"
"io.opentracing.contrib:opentracing-thrift","/Users/nabhansuwanachote/Desktop/research/msr-2025-challenge/repo/io.opentracing.contrib:opentracing-thrift"
"com.github.bwfdm:dspace-connector","/Users/nabhansuwanachote/Desktop/research/msr-2025-challenge/repo/com.github.bwfdm:dspace-connector"
"top.continew:continew-starter-data-mybatis-plus","/Users/nabhansuwanachote/Desktop/research/msr-2025-challenge/repo/top.continew:continew-starter-data-mybatis-plus"
"dev.mccue:microhttp-json","/Users/nabhansuwanachote/Desktop/research/msr-2025-challenge/repo/dev.mccue:microhttp-json"
"com.bq.corbel.lib:cli","/Users/nabhansuwanachote/Desktop/research/msr-2025-challenge/repo/com.bq.corbel.lib:cli"
"org.teiid:vdb-maven-plugin","/Users/nabhansuwanachote/Desktop/research/msr-2025-challenge/repo/org.teiid:vdb-maven-plugin"
"io.opentracing.contrib.specialagent.plugins:opentracing-specialagent-jms-2","/Users/nabhansuwanachote/Desktop/research/msr-2025-challenge/repo/io.opentracing.contrib.specialagent.plugins:opentracing-specialagent-jms-2"
"uk.co.synbiochem:libChEBIj","/Users/nabhansuwanachote/Desktop/research/msr-2025-challenge/repo/uk.co.synbiochem:libChEBIj"
"io.github.x45iq:jtube","/Users/nabhansuwanachote/Desktop/research/msr-2025-challenge/repo/io.github.x45iq:jtube"
"org.lightadmin:lightadmin","/Users/nabhansuwanachote/Desktop/research/msr-2025-challenge/repo/org.lightadmin:lightadmin"
"io.alphatier:alphatier-java","/Users/nabhansuwanachote/Desktop/research/msr-2025-challenge/repo/io.alphatier:alphatier-java"
"com.jdcloud.sdk:censor","/Users/nabhansuwanachote/Desktop/research/msr-2025-challenge/repo/com.jdcloud.sdk:censor"
"com.google.cloud:gcloud-java-logging","/Users/nabhansuwanachote/Desktop/research/msr-2025-challenge/repo/com.google.cloud:gcloud-java-logging"
"org.intellimate.izou:sdk","/Users/nabhansuwanachote/Desktop/research/msr-2025-challenge/repo/org.intellimate.izou:sdk"
"nl.42:spring-boot-starter-onelogin-saml","/Users/nabhansuwanachote/Desktop/research/msr-2025-challenge/repo/nl.42:spring-boot-starter-onelogin-saml"
"io.quarkus.qlue:qlue","/Users/nabhansuwanachote/Desktop/research/msr-2025-challenge/repo/io.quarkus.qlue:qlue"
"com.github.asaas:pebble-spring-translate","/Users/nabhansuwanachote/Desktop/research/msr-2025-challenge/repo/com.github.asaas:pebble-spring-translate"
"tech.adambedenbaugh:boomi-groovy-debugger","/Users/nabhansuwanachote/Desktop/research/msr-2025-challenge/repo/tech.adambedenbaugh:boomi-groovy-debugger"
"org.oxerr.taobao:taobao-client-spring-boot","/Users/nabhansuwanachote/Desktop/research/msr-2025-challenge/repo/org.oxerr.taobao:taobao-client-spring-boot"
"org.jboss.forge.addon:microprofile-config","/Users/nabhansuwanachote/Desktop/research/msr-2025-challenge/repo/org.jboss.forge.addon:microprofile-config"
"br.eti.clairton:gson-hypermedia","/Users/nabhansuwanachote/Desktop/research/msr-2025-challenge/repo/br.eti.clairton:gson-hypermedia"
"com.monarchapis:rest-client","/Users/nabhansuwanachote/Desktop/research/msr-2025-challenge/repo/com.monarchapis:rest-client"
"org.substeps:webdriver-substeps","/Users/nabhansuwanachote/Desktop/research/msr-2025-challenge/repo/org.substeps:webdriver-substeps"
"io.github.ttj4:scalapb-maven-plugin","/Users/nabhansuwanachote/Desktop/research/msr-2025-challenge/repo/io.github.ttj4:scalapb-maven-plugin"
"com.github.stefaniniinspiring:pugtsdb","/Users/nabhansuwanachote/Desktop/research/msr-2025-challenge/repo/com.github.stefaniniinspiring:pugtsdb"
"org.hobsoft.entangle:entangle-swing","/Users/nabhansuwanachote/Desktop/research/msr-2025-challenge/repo/org.hobsoft.entangle:entangle-swing"
"com.github.princesslana:smalld","/Users/nabhansuwanachote/Desktop/research/msr-2025-challenge/repo/com.github.princesslana:smalld"
"eu.trentorise.opendata:tod-commons","/Users/nabhansuwanachote/Desktop/research/msr-2025-challenge/repo/eu.trentorise.opendata:tod-commons"
"com.qualinsight.plugins.sonarqube:qualinsight-plugins-sonarqube-badges","/Users/nabhansuwanachote/Desktop/research/msr-2025-challenge/repo/com.qualinsight.plugins.sonarqube:qualinsight-plugins-sonarqube-badges"
"de.digitalcollections.commons:dc-commons-springsecurity","/Users/nabhansuwanachote/Desktop/research/msr-2025-challenge/repo/de.digitalcollections.commons:dc-commons-springsecurity"
"com.sangupta:blog-parser","/Users/nabhansuwanachote/Desktop/research/msr-2025-challenge/repo/com.sangupta:blog-parser"
"nl.vpro.magnolia:magnolia-module-vpro-keycloak","/Users/nabhansuwanachote/Desktop/research/msr-2025-challenge/repo/nl.vpro.magnolia:magnolia-module-vpro-keycloak"
"no.sysco.middleware.alpakka:alpakka-zeromq","/Users/nabhansuwanachote/Desktop/research/msr-2025-challenge/repo/no.sysco.middleware.alpakka:alpakka-zeromq"
"com.avides.springboot.springtainer:springtainer-awss3mock","/Users/nabhansuwanachote/Desktop/research/msr-2025-challenge/repo/com.avides.springboot.springtainer:springtainer-awss3mock"
"com.cnhnb.sdk:agricultural-module","/Users/nabhansuwanachote/Desktop/research/msr-2025-challenge/repo/com.cnhnb.sdk:agricultural-module"
"com.github.cwdtom:hermes","/Users/nabhansuwanachote/Desktop/research/msr-2025-challenge/repo/com.github.cwdtom:hermes"
"br.usp.each.saeg:asm-defuse","/Users/nabhansuwanachote/Desktop/research/msr-2025-challenge/repo/br.usp.each.saeg:asm-defuse"
"com.itextpdf:itext-xtra","/Users/nabhansuwanachote/Desktop/research/msr-2025-challenge/repo/com.itextpdf:itext-xtra"
"io.github.jethronap:jstat","/Users/nabhansuwanachote/Desktop/research/msr-2025-challenge/repo/io.github.jethronap:jstat"
"exchange.core2:orderbook","/Users/nabhansuwanachote/Desktop/research/msr-2025-challenge/repo/exchange.core2:orderbook"
"com.formulasearchengine:mathmlquerygenerator","/Users/nabhansuwanachote/Desktop/research/msr-2025-challenge/repo/com.formulasearchengine:mathmlquerygenerator"
"nl.basjes.parse.useragent:yauaa-flink","/Users/nabhansuwanachote/Desktop/research/msr-2025-challenge/repo/nl.basjes.parse.useragent:yauaa-flink"
"pl.wavesoftware:eid-exceptions","/Users/nabhansuwanachote/Desktop/research/msr-2025-challenge/repo/pl.wavesoftware:eid-exceptions"
"com.sap.oss.phosphor:fosstars-rating-core","/Users/nabhansuwanachote/Desktop/research/msr-2025-challenge/repo/com.sap.oss.phosphor:fosstars-rating-core"
"com.github.gquintana.beepbeep:beepbeep","/Users/nabhansuwanachote/Desktop/research/msr-2025-challenge/repo/com.github.gquintana.beepbeep:beepbeep"
"com.blibli.oss:kafka-plugin","/Users/nabhansuwanachote/Desktop/research/msr-2025-challenge/repo/com.blibli.oss:kafka-plugin"
"org.graylog:jadconfig","/Users/nabhansuwanachote/Desktop/research/msr-2025-challenge/repo/org.graylog:jadconfig"
"com.github.twalcari:syntaxhighlighterfx","/Users/nabhansuwanachote/Desktop/research/msr-2025-challenge/repo/com.github.twalcari:syntaxhighlighterfx"
"com.streetcodevn:ntc-mongodb","/Users/nabhansuwanachote/Desktop/research/msr-2025-challenge/repo/com.streetcodevn:ntc-mongodb"
"org.yamj:api-common","/Users/nabhansuwanachote/Desktop/research/msr-2025-challenge/repo/org.yamj:api-common"
"org.openstates:openstates-client","/Users/nabhansuwanachote/Desktop/research/msr-2025-challenge/repo/org.openstates:openstates-client"
"de.jaggl.sqlbuilder:sqlbuilder-springjdbc","/Users/nabhansuwanachote/Desktop/research/msr-2025-challenge/repo/de.jaggl.sqlbuilder:sqlbuilder-springjdbc"
"com.azure.resourcemanager:azure-resourcemanager-datadog","/Users/nabhansuwanachote/Desktop/research/msr-2025-challenge/repo/com.azure.resourcemanager:azure-resourcemanager-datadog"
"cc.kebei:commons","/Users/nabhansuwanachote/Desktop/research/msr-2025-challenge/repo/cc.kebei:commons"
"io.github.cotide:sql2o-plus","/Users/nabhansuwanachote/Desktop/research/msr-2025-challenge/repo/io.github.cotide:sql2o-plus"
"com.alibaba.compileflow:compileflow","/Users/nabhansuwanachote/Desktop/research/msr-2025-challenge/repo/com.alibaba.compileflow:compileflow"
"io.camunda:zeebe-backup-store-common","/Users/nabhansuwanachote/Desktop/research/msr-2025-challenge/repo/io.camunda:zeebe-backup-store-common"
"de.grobmeier:postmark4j","/Users/nabhansuwanachote/Desktop/research/msr-2025-challenge/repo/de.grobmeier:postmark4j"
"link.thingscloud:thingscloud-mobile-area","/Users/nabhansuwanachote/Desktop/research/msr-2025-challenge/repo/link.thingscloud:thingscloud-mobile-area"
"io.github.paulushcgcj:sshutil","/Users/nabhansuwanachote/Desktop/research/msr-2025-challenge/repo/io.github.paulushcgcj:sshutil"
"org.camunda.community:bpmn-driven-testing-model-8","/Users/nabhansuwanachote/Desktop/research/msr-2025-challenge/repo/org.camunda.community:bpmn-driven-testing-model-8"
"org.eu.ingwar.tools:arquillian-suite-extension","/Users/nabhansuwanachote/Desktop/research/msr-2025-challenge/repo/org.eu.ingwar.tools:arquillian-suite-extension"
"com.google.code.simple-spring-memcached:aws-elasticache-provider","/Users/nabhansuwanachote/Desktop/research/msr-2025-challenge/repo/com.google.code.simple-spring-memcached:aws-elasticache-provider"
"org.kuali.db.ojb:db-ojb","/Users/nabhansuwanachote/Desktop/research/msr-2025-challenge/repo/org.kuali.db.ojb:db-ojb"
"com.github.josefd8:gingerspec","/Users/nabhansuwanachote/Desktop/research/msr-2025-challenge/repo/com.github.josefd8:gingerspec"
"com.github.watertreestar:tidy-util","/Users/nabhansuwanachote/Desktop/research/msr-2025-challenge/repo/com.github.watertreestar:tidy-util"
"org.icepear.echarts:echarts-java","/Users/nabhansuwanachote/Desktop/research/msr-2025-challenge/repo/org.icepear.echarts:echarts-java"
"com.omertron:API-OMDB","/Users/nabhansuwanachote/Desktop/research/msr-2025-challenge/repo/com.omertron:API-OMDB"
"com.openpojo:dns4java","/Users/nabhansuwanachote/Desktop/research/msr-2025-challenge/repo/com.openpojo:dns4java"
"io.github.nikosrig:mastercard-ais","/Users/nabhansuwanachote/Desktop/research/msr-2025-challenge/repo/io.github.nikosrig:mastercard-ais"
"net.code-story:fluent-rest-test","/Users/nabhansuwanachote/Desktop/research/msr-2025-challenge/repo/net.code-story:fluent-rest-test"
"ru.mrgrd56:mgutils","/Users/nabhansuwanachote/Desktop/research/msr-2025-challenge/repo/ru.mrgrd56:mgutils"
"org.silentsoft:silentsoft-core","/Users/nabhansuwanachote/Desktop/research/msr-2025-challenge/repo/org.silentsoft:silentsoft-core"
"me.atlis:nominatim-api","/Users/nabhansuwanachote/Desktop/research/msr-2025-challenge/repo/me.atlis:nominatim-api"
"com.microsoft.windowsazure:microsoft-azure-api-core","/Users/nabhansuwanachote/Desktop/research/msr-2025-challenge/repo/com.microsoft.windowsazure:microsoft-azure-api-core"
"org.avaje.ebean:querybean-maven-plugin","/Users/nabhansuwanachote/Desktop/research/msr-2025-challenge/repo/org.avaje.ebean:querybean-maven-plugin"
"org.patternfly:patternfly-java","/Users/nabhansuwanachote/Desktop/research/msr-2025-challenge/repo/org.patternfly:patternfly-java"
"at.molindo:molindo-mysql-collations","/Users/nabhansuwanachote/Desktop/research/msr-2025-challenge/repo/at.molindo:molindo-mysql-collations"
"io.webservices.api:io-webservices-api","/Users/nabhansuwanachote/Desktop/research/msr-2025-challenge/repo/io.webservices.api:io-webservices-api"
"com.azure.resourcemanager:azure-resourcemanager-devhub","/Users/nabhansuwanachote/Desktop/research/msr-2025-challenge/repo/com.azure.resourcemanager:azure-resourcemanager-devhub"
"com.github.thiagolocatelli:parse4j","/Users/nabhansuwanachote/Desktop/research/msr-2025-challenge/repo/com.github.thiagolocatelli:parse4j"
"com.lightstreamer:ls-adapter-remote","/Users/nabhansuwanachote/Desktop/research/msr-2025-challenge/repo/com.lightstreamer:ls-adapter-remote"
"com.guokr:stan-cn-nlp","/Users/nabhansuwanachote/Desktop/research/msr-2025-challenge/repo/com.guokr:stan-cn-nlp"
"io.github.orionlibs:orion-docx","/Users/nabhansuwanachote/Desktop/research/msr-2025-challenge/repo/io.github.orionlibs:orion-docx"
"dev.javatools:json-utils","/Users/nabhansuwanachote/Desktop/research/msr-2025-challenge/repo/dev.javatools:json-utils"
"com.syncthemall:boilerpipe","/Users/nabhansuwanachote/Desktop/research/msr-2025-challenge/repo/com.syncthemall:boilerpipe"
"org.graphfoundation.ongdb:ongdb-geequel","/Users/nabhansuwanachote/Desktop/research/msr-2025-challenge/repo/org.graphfoundation.ongdb:ongdb-geequel"
"uk.bl.wa.sentimentalj:sentimentalj","/Users/nabhansuwanachote/Desktop/research/msr-2025-challenge/repo/uk.bl.wa.sentimentalj:sentimentalj"
"org.eclipse.jetty:jetty-eventsource-servlet","/Users/nabhansuwanachote/Desktop/research/msr-2025-challenge/repo/org.eclipse.jetty:jetty-eventsource-servlet"
"com.neovisionaries:nv-cipher","/Users/nabhansuwanachote/Desktop/research/msr-2025-challenge/repo/com.neovisionaries:nv-cipher"
"org.restfeeds:restfeed-server-spring","/Users/nabhansuwanachote/Desktop/research/msr-2025-challenge/repo/org.restfeeds:restfeed-server-spring"
"dev.mccue:guava","/Users/nabhansuwanachote/Desktop/research/msr-2025-challenge/repo/dev.mccue:guava"
"com.vzornic.pgjsonb:pgjsonb","/Users/nabhansuwanachote/Desktop/research/msr-2025-challenge/repo/com.vzornic.pgjsonb:pgjsonb"
"network.oxalis:pkix-ocsp","/Users/nabhansuwanachote/Desktop/research/msr-2025-challenge/repo/network.oxalis:pkix-ocsp"
"com.helger.peppol:peppol-reporting","/Users/nabhansuwanachote/Desktop/research/msr-2025-challenge/repo/com.helger.peppol:peppol-reporting"
"org.formix:dsx","/Users/nabhansuwanachote/Desktop/research/msr-2025-challenge/repo/org.formix:dsx"
"me.geso:tinyorm","/Users/nabhansuwanachote/Desktop/research/msr-2025-challenge/repo/me.geso:tinyorm"
"net.pwall.util:date-output","/Users/nabhansuwanachote/Desktop/research/msr-2025-challenge/repo/net.pwall.util:date-output"
"com.noleme:noleme-vault-squared","/Users/nabhansuwanachote/Desktop/research/msr-2025-challenge/repo/com.noleme:noleme-vault-squared"
"de.focus-shift.lexoffice:java-sdk","/Users/nabhansuwanachote/Desktop/research/msr-2025-challenge/repo/de.focus-shift.lexoffice:java-sdk"
"io.github.marcopotok:jpa-predicate-builder","/Users/nabhansuwanachote/Desktop/research/msr-2025-challenge/repo/io.github.marcopotok:jpa-predicate-builder"
"com.github.jcustenborder.kafka.connect:kafka-connect-transform-cef","/Users/nabhansuwanachote/Desktop/research/msr-2025-challenge/repo/com.github.jcustenborder.kafka.connect:kafka-connect-transform-cef"
"org.agmip.translators.ace:translator-core","/Users/nabhansuwanachote/Desktop/research/msr-2025-challenge/repo/org.agmip.translators.ace:translator-core"
"com.github.yiyingcanfeng:shiro-redis","/Users/nabhansuwanachote/Desktop/research/msr-2025-challenge/repo/com.github.yiyingcanfeng:shiro-redis"
"com.leandronunes85.jax-rs:etag-response-filter","/Users/nabhansuwanachote/Desktop/research/msr-2025-challenge/repo/com.leandronunes85.jax-rs:etag-response-filter"
"org.blocks4j.commons:commons-classpath","/Users/nabhansuwanachote/Desktop/research/msr-2025-challenge/repo/org.blocks4j.commons:commons-classpath"
"org.kevoree.modeling.plugin:rocksdb","/Users/nabhansuwanachote/Desktop/research/msr-2025-challenge/repo/org.kevoree.modeling.plugin:rocksdb"
"com.giladam:kafka-jackson-serde","/Users/nabhansuwanachote/Desktop/research/msr-2025-challenge/repo/com.giladam:kafka-jackson-serde"
"br.com.senior:seniorx-http-camel-api","/Users/nabhansuwanachote/Desktop/research/msr-2025-challenge/repo/br.com.senior:seniorx-http-camel-api"
"com.datasqrl:sqrl-errors","/Users/nabhansuwanachote/Desktop/research/msr-2025-challenge/repo/com.datasqrl:sqrl-errors"
"uk.co.rgordon:oj-ssh","/Users/nabhansuwanachote/Desktop/research/msr-2025-challenge/repo/uk.co.rgordon:oj-ssh"
"com.avides.xml:sax-xom-parser","/Users/nabhansuwanachote/Desktop/research/msr-2025-challenge/repo/com.avides.xml:sax-xom-parser"
"org.cryptomator:integrations-win","/Users/nabhansuwanachote/Desktop/research/msr-2025-challenge/repo/org.cryptomator:integrations-win"
"io.probedock.maven.plugins:probedock-uid-maven-plugin","/Users/nabhansuwanachote/Desktop/research/msr-2025-challenge/repo/io.probedock.maven.plugins:probedock-uid-maven-plugin"
"org.jboss.shrinkwrap.container:shrinkwrap-container-mobicents-13","/Users/nabhansuwanachote/Desktop/research/msr-2025-challenge/repo/org.jboss.shrinkwrap.container:shrinkwrap-container-mobicents-13"
"io.github.alikian:locastack-loader","/Users/nabhansuwanachote/Desktop/research/msr-2025-challenge/repo/io.github.alikian:locastack-loader"
"io.featurehub.cloudevents:cloudevents-google-pubsub","/Users/nabhansuwanachote/Desktop/research/msr-2025-challenge/repo/io.featurehub.cloudevents:cloudevents-google-pubsub"
"io.camunda:camunda-authentication","/Users/nabhansuwanachote/Desktop/research/msr-2025-challenge/repo/io.camunda:camunda-authentication"
"uk.co.caprica:native-streams","/Users/nabhansuwanachote/Desktop/research/msr-2025-challenge/repo/uk.co.caprica:native-streams"
"org.fhirproof:fhir-proofer","/Users/nabhansuwanachote/Desktop/research/msr-2025-challenge/repo/org.fhirproof:fhir-proofer"
"com.github.fracpete:deps4j","/Users/nabhansuwanachote/Desktop/research/msr-2025-challenge/repo/com.github.fracpete:deps4j"
"org.99soft.commons:backport-spi","/Users/nabhansuwanachote/Desktop/research/msr-2025-challenge/repo/org.99soft.commons:backport-spi"
"org.springframework.experimental:spring-modulith-events-jackson","/Users/nabhansuwanachote/Desktop/research/msr-2025-challenge/repo/org.springframework.experimental:spring-modulith-events-jackson"
"com.github.sakserv:property-parser","/Users/nabhansuwanachote/Desktop/research/msr-2025-challenge/repo/com.github.sakserv:property-parser"
"org.bedework.bwwebcl:bw-calendar-client-struts2","/Users/nabhansuwanachote/Desktop/research/msr-2025-challenge/repo/org.bedework.bwwebcl:bw-calendar-client-struts2"
"berlin.yuna:nats-server","/Users/nabhansuwanachote/Desktop/research/msr-2025-challenge/repo/berlin.yuna:nats-server"
"de.enerko:vaadin-springsecurityviewprovider","/Users/nabhansuwanachote/Desktop/research/msr-2025-challenge/repo/de.enerko:vaadin-springsecurityviewprovider"
"com.apitrary:apitrary-transport-httpclient","/Users/nabhansuwanachote/Desktop/research/msr-2025-challenge/repo/com.apitrary:apitrary-transport-httpclient"
"io.github.herbertgao:aop-log-dubbo","/Users/nabhansuwanachote/Desktop/research/msr-2025-challenge/repo/io.github.herbertgao:aop-log-dubbo"
"dev.ainoha.framework:ainoha-core","/Users/nabhansuwanachote/Desktop/research/msr-2025-challenge/repo/dev.ainoha.framework:ainoha-core"
"com.helger.maven:ph-jscompress-maven-plugin","/Users/nabhansuwanachote/Desktop/research/msr-2025-challenge/repo/com.helger.maven:ph-jscompress-maven-plugin"
"com.vadeen:neat-gui","/Users/nabhansuwanachote/Desktop/research/msr-2025-challenge/repo/com.vadeen:neat-gui"
"org.gwtproject.json:gwt-json","/Users/nabhansuwanachote/Desktop/research/msr-2025-challenge/repo/org.gwtproject.json:gwt-json"
"org.wildbits:org.wildbits.hydro","/Users/nabhansuwanachote/Desktop/research/msr-2025-challenge/repo/org.wildbits:org.wildbits.hydro"
"com.chavaillaz:elasticsearch-log4j-appender","/Users/nabhansuwanachote/Desktop/research/msr-2025-challenge/repo/com.chavaillaz:elasticsearch-log4j-appender"
"org.terrakube.client:terrakube-spring-boot-starter-sample","/Users/nabhansuwanachote/Desktop/research/msr-2025-challenge/repo/org.terrakube.client:terrakube-spring-boot-starter-sample"
"com.github.stephanarts:cas-server-integration-zeromq","/Users/nabhansuwanachote/Desktop/research/msr-2025-challenge/repo/com.github.stephanarts:cas-server-integration-zeromq"
"int.esa.nmf.apps:blank-app","/Users/nabhansuwanachote/Desktop/research/msr-2025-challenge/repo/int.esa.nmf.apps:blank-app"
"com.dnastack:logback-extensions","/Users/nabhansuwanachote/Desktop/research/msr-2025-challenge/repo/com.dnastack:logback-extensions"
"com.azure:azure-health-insights-cancerprofiling","/Users/nabhansuwanachote/Desktop/research/msr-2025-challenge/repo/com.azure:azure-health-insights-cancerprofiling"
"se.weightpoint.datanucleus:datanucleus-stringtobigintmapper","/Users/nabhansuwanachote/Desktop/research/msr-2025-challenge/repo/se.weightpoint.datanucleus:datanucleus-stringtobigintmapper"
"org.neolumin.webster:webster","/Users/nabhansuwanachote/Desktop/research/msr-2025-challenge/repo/org.neolumin.webster:webster"
"com.ethlo.zally:zally-maven-plugin","/Users/nabhansuwanachote/Desktop/research/msr-2025-challenge/repo/com.ethlo.zally:zally-maven-plugin"
"io.opil:r2dbc-mysql","/Users/nabhansuwanachote/Desktop/research/msr-2025-challenge/repo/io.opil:r2dbc-mysql"
"org.ibissource:ibis-echo2","/Users/nabhansuwanachote/Desktop/research/msr-2025-challenge/repo/org.ibissource:ibis-echo2"
"org.jamesframework:james-examples","/Users/nabhansuwanachote/Desktop/research/msr-2025-challenge/repo/org.jamesframework:james-examples"
"com.seovic.maven.plugins:npm-maven-plugin","/Users/nabhansuwanachote/Desktop/research/msr-2025-challenge/repo/com.seovic.maven.plugins:npm-maven-plugin"
"net.acesinc.data:data-binner","/Users/nabhansuwanachote/Desktop/research/msr-2025-challenge/repo/net.acesinc.data:data-binner"
"org.symphonyoss.symphony.apps:symphony-app-authentication-filter-starter","/Users/nabhansuwanachote/Desktop/research/msr-2025-challenge/repo/org.symphonyoss.symphony.apps:symphony-app-authentication-filter-starter"
"us.fatehi:creditcardnumber","/Users/nabhansuwanachote/Desktop/research/msr-2025-challenge/repo/us.fatehi:creditcardnumber"
"org.apache.servicecomb.pack:pack-common","/Users/nabhansuwanachote/Desktop/research/msr-2025-challenge/repo/org.apache.servicecomb.pack:pack-common"
"org.agmip.translators:translator-cropgrow-nau","/Users/nabhansuwanachote/Desktop/research/msr-2025-challenge/repo/org.agmip.translators:translator-cropgrow-nau"
"com.jamierf.dropwizard:dropwizard-logging-loggly","/Users/nabhansuwanachote/Desktop/research/msr-2025-challenge/repo/com.jamierf.dropwizard:dropwizard-logging-loggly"
"net.amygdalum:hamcrest-extensions","/Users/nabhansuwanachote/Desktop/research/msr-2025-challenge/repo/net.amygdalum:hamcrest-extensions"
"com.github.davidbolet.jpascalcoin:jPascalcoin","/Users/nabhansuwanachote/Desktop/research/msr-2025-challenge/repo/com.github.davidbolet.jpascalcoin:jPascalcoin"
"net.cactusthorn.config:config-zookeeper","/Users/nabhansuwanachote/Desktop/research/msr-2025-challenge/repo/net.cactusthorn.config:config-zookeeper"
"com.github.marc7806:audiowaveform","/Users/nabhansuwanachote/Desktop/research/msr-2025-challenge/repo/com.github.marc7806:audiowaveform"
"io.github.ali1995reza:graphql-adapter","/Users/nabhansuwanachote/Desktop/research/msr-2025-challenge/repo/io.github.ali1995reza:graphql-adapter"
"com.kuflow:kuflow-temporal-activity-email","/Users/nabhansuwanachote/Desktop/research/msr-2025-challenge/repo/com.kuflow:kuflow-temporal-activity-email"
"com.github.fracpete:resourceextractor4j","/Users/nabhansuwanachote/Desktop/research/msr-2025-challenge/repo/com.github.fracpete:resourceextractor4j"
"hu.meza.tools:config","/Users/nabhansuwanachote/Desktop/research/msr-2025-challenge/repo/hu.meza.tools:config"
"io.github.eduramiba:webcam-capture-driver-native","/Users/nabhansuwanachote/Desktop/research/msr-2025-challenge/repo/io.github.eduramiba:webcam-capture-driver-native"
"biz.turnonline.ecosystem:firestore-extensions","/Users/nabhansuwanachote/Desktop/research/msr-2025-challenge/repo/biz.turnonline.ecosystem:firestore-extensions"
"nl.gogognome:image-modifier-maven-plugin","/Users/nabhansuwanachote/Desktop/research/msr-2025-challenge/repo/nl.gogognome:image-modifier-maven-plugin"
"com.github.outofrange:steht","/Users/nabhansuwanachote/Desktop/research/msr-2025-challenge/repo/com.github.outofrange:steht"
"org.marvec:encryptor","/Users/nabhansuwanachote/Desktop/research/msr-2025-challenge/repo/org.marvec:encryptor"
"dev.xethh.libs.toolkits.webDto:core","/Users/nabhansuwanachote/Desktop/research/msr-2025-challenge/repo/dev.xethh.libs.toolkits.webDto:core"
"cn.dustlight.storage:minio-storage","/Users/nabhansuwanachote/Desktop/research/msr-2025-challenge/repo/cn.dustlight.storage:minio-storage"
"org.st-js.bridge:cometd","/Users/nabhansuwanachote/Desktop/research/msr-2025-challenge/repo/org.st-js.bridge:cometd"
"ch.astorm:smtp4j","/Users/nabhansuwanachote/Desktop/research/msr-2025-challenge/repo/ch.astorm:smtp4j"
"org.shredzone.commons:commons-suncalc","/Users/nabhansuwanachote/Desktop/research/msr-2025-challenge/repo/org.shredzone.commons:commons-suncalc"
"org.kaliy.kafka:kafka-connect-rss","/Users/nabhansuwanachote/Desktop/research/msr-2025-challenge/repo/org.kaliy.kafka:kafka-connect-rss"
"software.amazon.qldb:amazon-qldb-export-processor","/Users/nabhansuwanachote/Desktop/research/msr-2025-challenge/repo/software.amazon.qldb:amazon-qldb-export-processor"
"io.github.stefanofornari:vfs2nio","/Users/nabhansuwanachote/Desktop/research/msr-2025-challenge/repo/io.github.stefanofornari:vfs2nio"
"com.github.chendb:flagwind-persistent","/Users/nabhansuwanachote/Desktop/research/msr-2025-challenge/repo/com.github.chendb:flagwind-persistent"
"org.dungba:joo-libra","/Users/nabhansuwanachote/Desktop/research/msr-2025-challenge/repo/org.dungba:joo-libra"
"com.helger:ph-fatturapa","/Users/nabhansuwanachote/Desktop/research/msr-2025-challenge/repo/com.helger:ph-fatturapa"
"com.robinhowlett:horse-racing-parser","/Users/nabhansuwanachote/Desktop/research/msr-2025-challenge/repo/com.robinhowlett:horse-racing-parser"
"org.fuin:utils4swing","/Users/nabhansuwanachote/Desktop/research/msr-2025-challenge/repo/org.fuin:utils4swing"
"com.github.sbabcoc:logback-testng","/Users/nabhansuwanachote/Desktop/research/msr-2025-challenge/repo/com.github.sbabcoc:logback-testng"
"org.beigesoft:beige-blc","/Users/nabhansuwanachote/Desktop/research/msr-2025-challenge/repo/org.beigesoft:beige-blc"
"com.yakaz.elasticsearch.plugins:elasticsearch-action-updatebyquery","/Users/nabhansuwanachote/Desktop/research/msr-2025-challenge/repo/com.yakaz.elasticsearch.plugins:elasticsearch-action-updatebyquery"
"de.centerdevice:bean-bouncer","/Users/nabhansuwanachote/Desktop/research/msr-2025-challenge/repo/de.centerdevice:bean-bouncer"
"com.github.chenhaiyangs:ruubypay-configx-core","/Users/nabhansuwanachote/Desktop/research/msr-2025-challenge/repo/com.github.chenhaiyangs:ruubypay-configx-core"
"com.github.tomcat-slf4j-logback:tomcat11-slf4j-logback","/Users/nabhansuwanachote/Desktop/research/msr-2025-challenge/repo/com.github.tomcat-slf4j-logback:tomcat11-slf4j-logback"
"io.github.mihaiplotean:reflective-excel","/Users/nabhansuwanachote/Desktop/research/msr-2025-challenge/repo/io.github.mihaiplotean:reflective-excel"
"com.github.wnameless.spring:spring-paper-trail","/Users/nabhansuwanachote/Desktop/research/msr-2025-challenge/repo/com.github.wnameless.spring:spring-paper-trail"
"com.github.auties00:reified","/Users/nabhansuwanachote/Desktop/research/msr-2025-challenge/repo/com.github.auties00:reified"
"com.mysplitter:mysplitter-spring-boot-starter","/Users/nabhansuwanachote/Desktop/research/msr-2025-challenge/repo/com.mysplitter:mysplitter-spring-boot-starter"
"com.mesosphere:marathon-client","/Users/nabhansuwanachote/Desktop/research/msr-2025-challenge/repo/com.mesosphere:marathon-client"
"info.karlovskiy:filteria","/Users/nabhansuwanachote/Desktop/research/msr-2025-challenge/repo/info.karlovskiy:filteria"
"com.github.mathianasj:spring-data-jpa-rsql","/Users/nabhansuwanachote/Desktop/research/msr-2025-challenge/repo/com.github.mathianasj:spring-data-jpa-rsql"
"com.daedafusion:graph","/Users/nabhansuwanachote/Desktop/research/msr-2025-challenge/repo/com.daedafusion:graph"
"com.ontology2:telepath","/Users/nabhansuwanachote/Desktop/research/msr-2025-challenge/repo/com.ontology2:telepath"
"com.github.nbbrd.sdmx-dl:sdmx-dl-provider-connectors","/Users/nabhansuwanachote/Desktop/research/msr-2025-challenge/repo/com.github.nbbrd.sdmx-dl:sdmx-dl-provider-connectors"
"org.emfjson:emfjson-mongo","/Users/nabhansuwanachote/Desktop/research/msr-2025-challenge/repo/org.emfjson:emfjson-mongo"
"eu.kartoffelquadrat:asyncrestlib","/Users/nabhansuwanachote/Desktop/research/msr-2025-challenge/repo/eu.kartoffelquadrat:asyncrestlib"
"com.irurueta:irurueta-navigation-indoor","/Users/nabhansuwanachote/Desktop/research/msr-2025-challenge/repo/com.irurueta:irurueta-navigation-indoor"
"io.github.bianjieai:avata-sdk","/Users/nabhansuwanachote/Desktop/research/msr-2025-challenge/repo/io.github.bianjieai:avata-sdk"
"tech.kmsys:solr-edismax-query","/Users/nabhansuwanachote/Desktop/research/msr-2025-challenge/repo/tech.kmsys:solr-edismax-query"
"it.ozimov:spring-boot-email-tools","/Users/nabhansuwanachote/Desktop/research/msr-2025-challenge/repo/it.ozimov:spring-boot-email-tools"
"com.kumuluz.ee.jwt:kumuluzee-jwt-auth","/Users/nabhansuwanachote/Desktop/research/msr-2025-challenge/repo/com.kumuluz.ee.jwt:kumuluzee-jwt-auth"
"net.sinofool:alipay-java-sdk","/Users/nabhansuwanachote/Desktop/research/msr-2025-challenge/repo/net.sinofool:alipay-java-sdk"
"net.sourceforge.streamsupport:streamsupport-cfuture","/Users/nabhansuwanachote/Desktop/research/msr-2025-challenge/repo/net.sourceforge.streamsupport:streamsupport-cfuture"
"org.sevensource.magnolia:magnolia-module-simple-backup","/Users/nabhansuwanachote/Desktop/research/msr-2025-challenge/repo/org.sevensource.magnolia:magnolia-module-simple-backup"
"com.forgerock.openbanking:openbanking-sdk","/Users/nabhansuwanachote/Desktop/research/msr-2025-challenge/repo/com.forgerock.openbanking:openbanking-sdk"
"org.dbtools:dbtools-jpa","/Users/nabhansuwanachote/Desktop/research/msr-2025-challenge/repo/org.dbtools:dbtools-jpa"
"org.littleshoot:sip-bootstrap","/Users/nabhansuwanachote/Desktop/research/msr-2025-challenge/repo/org.littleshoot:sip-bootstrap"
"net.hydromatic:filtex","/Users/nabhansuwanachote/Desktop/research/msr-2025-challenge/repo/net.hydromatic:filtex"
"org.emfjson:emfjson-couchdb","/Users/nabhansuwanachote/Desktop/research/msr-2025-challenge/repo/org.emfjson:emfjson-couchdb"
"com.youdevise:test-driven-detectors4findbugs","/Users/nabhansuwanachote/Desktop/research/msr-2025-challenge/repo/com.youdevise:test-driven-detectors4findbugs"
"com.azure.resourcemanager:azure-resourcemanager-databricks","/Users/nabhansuwanachote/Desktop/research/msr-2025-challenge/repo/com.azure.resourcemanager:azure-resourcemanager-databricks"
"fr.inria.minibus:minibus-library","/Users/nabhansuwanachote/Desktop/research/msr-2025-challenge/repo/fr.inria.minibus:minibus-library"
"io.grisu:ee-core","/Users/nabhansuwanachote/Desktop/research/msr-2025-challenge/repo/io.grisu:ee-core"
"org.jasig:spring-webflow-client-repo","/Users/nabhansuwanachote/Desktop/research/msr-2025-challenge/repo/org.jasig:spring-webflow-client-repo"
"com.github.ppodgorsek.cache:cache-invalidation-spring","/Users/nabhansuwanachote/Desktop/research/msr-2025-challenge/repo/com.github.ppodgorsek.cache:cache-invalidation-spring"
"io.github.srempfer:spring-cloud-config-azure-keyvault-actuator-sample","/Users/nabhansuwanachote/Desktop/research/msr-2025-challenge/repo/io.github.srempfer:spring-cloud-config-azure-keyvault-actuator-sample"
"com.github.skapral.config:config-properties","/Users/nabhansuwanachote/Desktop/research/msr-2025-challenge/repo/com.github.skapral.config:config-properties"
"de.martinspielmann.wicket:wicket-pwnedpasswords-validator","/Users/nabhansuwanachote/Desktop/research/msr-2025-challenge/repo/de.martinspielmann.wicket:wicket-pwnedpasswords-validator"
"com.github.foxty:topaz","/Users/nabhansuwanachote/Desktop/research/msr-2025-challenge/repo/com.github.foxty:topaz"
"uk.ac.ox.it.canvas:canvas-api","/Users/nabhansuwanachote/Desktop/research/msr-2025-challenge/repo/uk.ac.ox.it.canvas:canvas-api"
"io.github.zenwave360:zenwave-apimock","/Users/nabhansuwanachote/Desktop/research/msr-2025-challenge/repo/io.github.zenwave360:zenwave-apimock"
"com.youkol.support.kaptcha:kaptcha-spring-boot-starter","/Users/nabhansuwanachote/Desktop/research/msr-2025-challenge/repo/com.youkol.support.kaptcha:kaptcha-spring-boot-starter"
"io.github.osvaldjr:easy-cucumber-owasp-zap","/Users/nabhansuwanachote/Desktop/research/msr-2025-challenge/repo/io.github.osvaldjr:easy-cucumber-owasp-zap"
"com.github.tomas-langer.cli:cli-choice","/Users/nabhansuwanachote/Desktop/research/msr-2025-challenge/repo/com.github.tomas-langer.cli:cli-choice"
"de.saxsys:styleablefx","/Users/nabhansuwanachote/Desktop/research/msr-2025-challenge/repo/de.saxsys:styleablefx"
"com.blueapron:kafka-connect-protobuf-converter","/Users/nabhansuwanachote/Desktop/research/msr-2025-challenge/repo/com.blueapron:kafka-connect-protobuf-converter"
"com.driver733:vk-uploader","/Users/nabhansuwanachote/Desktop/research/msr-2025-challenge/repo/com.driver733:vk-uploader"
"org.jboss.forge.addon:slf4j","/Users/nabhansuwanachote/Desktop/research/msr-2025-challenge/repo/org.jboss.forge.addon:slf4j"
"com.github.flyingglass:phoenix-mybatis-plus-starter","/Users/nabhansuwanachote/Desktop/research/msr-2025-challenge/repo/com.github.flyingglass:phoenix-mybatis-plus-starter"
"cc.roden:marathon-client","/Users/nabhansuwanachote/Desktop/research/msr-2025-challenge/repo/cc.roden:marathon-client"
"fr.umr-lastig:MultiCriteriaMatching","/Users/nabhansuwanachote/Desktop/research/msr-2025-challenge/repo/fr.umr-lastig:MultiCriteriaMatching"
"net.ymate.platform:ymate-platform-test","/Users/nabhansuwanachote/Desktop/research/msr-2025-challenge/repo/net.ymate.platform:ymate-platform-test"
"com.jillesvangurp:urlbuilder","/Users/nabhansuwanachote/Desktop/research/msr-2025-challenge/repo/com.jillesvangurp:urlbuilder"
"io.github.hakky54:ssl-server","/Users/nabhansuwanachote/Desktop/research/msr-2025-challenge/repo/io.github.hakky54:ssl-server"
"com.youkol.support.kaptcha:kaptcha","/Users/nabhansuwanachote/Desktop/research/msr-2025-challenge/repo/com.youkol.support.kaptcha:kaptcha"
"com.zavakid:mushroom","/Users/nabhansuwanachote/Desktop/research/msr-2025-challenge/repo/com.zavakid:mushroom"
"com.github.livesense:org.liveSense.service.securityManager","/Users/nabhansuwanachote/Desktop/research/msr-2025-challenge/repo/com.github.livesense:org.liveSense.service.securityManager"
"cz.etnetera:reesmo-adapter-junit","/Users/nabhansuwanachote/Desktop/research/msr-2025-challenge/repo/cz.etnetera:reesmo-adapter-junit"
"org.jboss.pnc:pnc-api","/Users/nabhansuwanachote/Desktop/research/msr-2025-challenge/repo/org.jboss.pnc:pnc-api"
"jp.igapyon.blanco.apex.formatter.plugin:blancoApexFormatterPlugin","/Users/nabhansuwanachote/Desktop/research/msr-2025-challenge/repo/jp.igapyon.blanco.apex.formatter.plugin:blancoApexFormatterPlugin"
"net.isger:velocity","/Users/nabhansuwanachote/Desktop/research/msr-2025-challenge/repo/net.isger:velocity"
