,artifact_id,repo_path
0,org.terrakube.terraform:terraform-spring-boot-autoconfigure,/Users/nabhansuwanachote/Desktop/research/msr-2025-challenge/repo/org.terrakube.terraform:terraform-spring-boot-autoconfigure
1,nl.axians:axians-opentelemetry-spring-boot-starter,/Users/nabhansuwanachote/Desktop/research/msr-2025-challenge/repo/nl.axians:axians-opentelemetry-spring-boot-starter
2,com.geetask:chunked-uploader,/Users/nabhansuwanachote/Desktop/research/msr-2025-challenge/repo/com.geetask:chunked-uploader
3,net.distilledcode:filevault-oak-reindex-hook,/Users/nabhansuwanachote/Desktop/research/msr-2025-challenge/repo/net.distilledcode:filevault-oak-reindex-hook
4,org.java-websocket:Java-WebSocket,/Users/nabhansuwanachote/Desktop/research/msr-2025-challenge/repo/org.java-websocket:Java-WebSocket
5,com.github.doobo:openpdf-ivs,/Users/nabhansuwanachote/Desktop/research/msr-2025-challenge/repo/com.github.doobo:openpdf-ivs
6,com.github.robtimus:obfuscation-json,/Users/nabhansuwanachote/Desktop/research/msr-2025-challenge/repo/com.github.robtimus:obfuscation-json
7,com.s24:redjob,/Users/nabhansuwanachote/Desktop/research/msr-2025-challenge/repo/com.s24:redjob
8,org.sourcelab:kafka-webview-ui,/Users/nabhansuwanachote/Desktop/research/msr-2025-challenge/repo/org.sourcelab:kafka-webview-ui
9,io.github.hiskrtapps:apocalypse-dao-springjdbc,/Users/nabhansuwanachote/Desktop/research/msr-2025-challenge/repo/io.github.hiskrtapps:apocalypse-dao-springjdbc
10,net.cactusthorn.config:jasypt,/Users/nabhansuwanachote/Desktop/research/msr-2025-challenge/repo/net.cactusthorn.config:jasypt
11,nl.hsac:hsac-fitnesse-email,/Users/nabhansuwanachote/Desktop/research/msr-2025-challenge/repo/nl.hsac:hsac-fitnesse-email
12,cz.alry:plantuml-maven-plugin,/Users/nabhansuwanachote/Desktop/research/msr-2025-challenge/repo/cz.alry:plantuml-maven-plugin
13,com.charlyghislain.authenticator:authenticator-application-api,/Users/nabhansuwanachote/Desktop/research/msr-2025-challenge/repo/com.charlyghislain.authenticator:authenticator-application-api
14,media.pepperpot.tca:tomcat-jwt-authenticator,/Users/nabhansuwanachote/Desktop/research/msr-2025-challenge/repo/media.pepperpot.tca:tomcat-jwt-authenticator
15,rocks.coffeenet:frontpage-plugin-api,/Users/nabhansuwanachote/Desktop/research/msr-2025-challenge/repo/rocks.coffeenet:frontpage-plugin-api
16,ch.rasc:wampspring,/Users/nabhansuwanachote/Desktop/research/msr-2025-challenge/repo/ch.rasc:wampspring
17,com.github.bartlomiej-gora:RPNLibrary,/Users/nabhansuwanachote/Desktop/research/msr-2025-challenge/repo/com.github.bartlomiej-gora:RPNLibrary
18,be.idamediafoundry.sofa:mapper-api,/Users/nabhansuwanachote/Desktop/research/msr-2025-challenge/repo/be.idamediafoundry.sofa:mapper-api
19,se.sawano.eureka:legacy-registrar,/Users/nabhansuwanachote/Desktop/research/msr-2025-challenge/repo/se.sawano.eureka:legacy-registrar
20,io.split.integrations.azure:azure-spring-cloud-feature-management,/Users/nabhansuwanachote/Desktop/research/msr-2025-challenge/repo/io.split.integrations.azure:azure-spring-cloud-feature-management
21,io.probedock.rt.client:probedock-rt-itf,/Users/nabhansuwanachote/Desktop/research/msr-2025-challenge/repo/io.probedock.rt.client:probedock-rt-itf
22,org.ibboost.orqa:orqa-maven-plugin,/Users/nabhansuwanachote/Desktop/research/msr-2025-challenge/repo/org.ibboost.orqa:orqa-maven-plugin
23,com.github.usc:wechat-mp-sdk,/Users/nabhansuwanachote/Desktop/research/msr-2025-challenge/repo/com.github.usc:wechat-mp-sdk
24,org.jmdware:s3-bucket-recursor,/Users/nabhansuwanachote/Desktop/research/msr-2025-challenge/repo/org.jmdware:s3-bucket-recursor
25,sh.joinery:joinery-dataframe,/Users/nabhansuwanachote/Desktop/research/msr-2025-challenge/repo/sh.joinery:joinery-dataframe
26,org.graphfoundation.ongdb:ongdb-geequel-slotted-runtime,/Users/nabhansuwanachote/Desktop/research/msr-2025-challenge/repo/org.graphfoundation.ongdb:ongdb-geequel-slotted-runtime
27,org.slieb:html-exception-formatter,/Users/nabhansuwanachote/Desktop/research/msr-2025-challenge/repo/org.slieb:html-exception-formatter
28,org.sentrysoftware.maven:maven-skin-tools,/Users/nabhansuwanachote/Desktop/research/msr-2025-challenge/repo/org.sentrysoftware.maven:maven-skin-tools
29,com.qualizeal.community:layouts,/Users/nabhansuwanachote/Desktop/research/msr-2025-challenge/repo/com.qualizeal.community:layouts
30,de.jpdigital:hibernate6-ddl-maven-plugin-core,/Users/nabhansuwanachote/Desktop/research/msr-2025-challenge/repo/de.jpdigital:hibernate6-ddl-maven-plugin-core
31,com.datadoghq:java-dogstatsd-client,/Users/nabhansuwanachote/Desktop/research/msr-2025-challenge/repo/com.datadoghq:java-dogstatsd-client
32,com.squareup.pagerduty:pagerduty-incidents,/Users/nabhansuwanachote/Desktop/research/msr-2025-challenge/repo/com.squareup.pagerduty:pagerduty-incidents
33,de.enlightened:sql-enum-generator-maven-plugin,/Users/nabhansuwanachote/Desktop/research/msr-2025-challenge/repo/de.enlightened:sql-enum-generator-maven-plugin
34,com.qdesrame:openapi-diff,/Users/nabhansuwanachote/Desktop/research/msr-2025-challenge/repo/com.qdesrame:openapi-diff
35,ru.r2cloud:rotctrldClient,/Users/nabhansuwanachote/Desktop/research/msr-2025-challenge/repo/ru.r2cloud:rotctrldClient
36,uk.co.rgordon:oj-ant,/Users/nabhansuwanachote/Desktop/research/msr-2025-challenge/repo/uk.co.rgordon:oj-ant
37,org.eclipse.esmf:esmf-aspect-meta-model-interface,/Users/nabhansuwanachote/Desktop/research/msr-2025-challenge/repo/org.eclipse.esmf:esmf-aspect-meta-model-interface
38,me.kingjan1999.fhdw:alphacamunda,/Users/nabhansuwanachote/Desktop/research/msr-2025-challenge/repo/me.kingjan1999.fhdw:alphacamunda
39,at.makubi.maven.plugin:avrohugger-maven-plugin,/Users/nabhansuwanachote/Desktop/research/msr-2025-challenge/repo/at.makubi.maven.plugin:avrohugger-maven-plugin
40,org.antframework.sync:sync,/Users/nabhansuwanachote/Desktop/research/msr-2025-challenge/repo/org.antframework.sync:sync
41,de.flapdoodle.reverse:de.flapdoodle.reverse,/Users/nabhansuwanachote/Desktop/research/msr-2025-challenge/repo/de.flapdoodle.reverse:de.flapdoodle.reverse
42,com.carrotgarden.maven:carrot-maven-imgscalr-plugin,/Users/nabhansuwanachote/Desktop/research/msr-2025-challenge/repo/com.carrotgarden.maven:carrot-maven-imgscalr-plugin
43,com.spotify:confidence-openfeature-provider,/Users/nabhansuwanachote/Desktop/research/msr-2025-challenge/repo/com.spotify:confidence-openfeature-provider
44,com.microsoft.azure.network.v2019_07_01:azure-mgmt-network,/Users/nabhansuwanachote/Desktop/research/msr-2025-challenge/repo/com.microsoft.azure.network.v2019_07_01:azure-mgmt-network
45,org.reaktivity:nukleus-auth-jwt.spec,/Users/nabhansuwanachote/Desktop/research/msr-2025-challenge/repo/org.reaktivity:nukleus-auth-jwt.spec
46,ru.greatbit:transitive-dependency-maven-plugin,/Users/nabhansuwanachote/Desktop/research/msr-2025-challenge/repo/ru.greatbit:transitive-dependency-maven-plugin
47,org.reaktivity:nukleus-http2.spec,/Users/nabhansuwanachote/Desktop/research/msr-2025-challenge/repo/org.reaktivity:nukleus-http2.spec
48,com.github.tcl-ec:tclsms,/Users/nabhansuwanachote/Desktop/research/msr-2025-challenge/repo/com.github.tcl-ec:tclsms
49,com.github.hazendaz.maven:smartsprites-maven-plugin,/Users/nabhansuwanachote/Desktop/research/msr-2025-challenge/repo/com.github.hazendaz.maven:smartsprites-maven-plugin
50,com.lahsivjar:gcp-storage-wagon,/Users/nabhansuwanachote/Desktop/research/msr-2025-challenge/repo/com.lahsivjar:gcp-storage-wagon
51,org.eclipse.digitaltwin.basyx:basyx.aasregistry-service-release-kafka-mongodb,/Users/nabhansuwanachote/Desktop/research/msr-2025-challenge/repo/org.eclipse.digitaltwin.basyx:basyx.aasregistry-service-release-kafka-mongodb
52,com.contrastsecurity:cassandra-migration,/Users/nabhansuwanachote/Desktop/research/msr-2025-challenge/repo/com.contrastsecurity:cassandra-migration
53,org.parttio:canvas-java,/Users/nabhansuwanachote/Desktop/research/msr-2025-challenge/repo/org.parttio:canvas-java
54,org.liurb.ai.sdk:java-ai-sdk,/Users/nabhansuwanachote/Desktop/research/msr-2025-challenge/repo/org.liurb.ai.sdk:java-ai-sdk
55,me.shakiba.jsonrpc:jsonrpc,/Users/nabhansuwanachote/Desktop/research/msr-2025-challenge/repo/me.shakiba.jsonrpc:jsonrpc
56,com.omertron:themoviedbapi,/Users/nabhansuwanachote/Desktop/research/msr-2025-challenge/repo/com.omertron:themoviedbapi
57,com.wandrell.tabletop:stats,/Users/nabhansuwanachote/Desktop/research/msr-2025-challenge/repo/com.wandrell.tabletop:stats
58,io.github.ci-cmg.cruise-pack:cruise-pack,/Users/nabhansuwanachote/Desktop/research/msr-2025-challenge/repo/io.github.ci-cmg.cruise-pack:cruise-pack
59,com.plugatar.xteps2:xteps2-selenide,/Users/nabhansuwanachote/Desktop/research/msr-2025-challenge/repo/com.plugatar.xteps2:xteps2-selenide
60,org.jodah:concurrentunit,/Users/nabhansuwanachote/Desktop/research/msr-2025-challenge/repo/org.jodah:concurrentunit
61,com.stenway:wsv,/Users/nabhansuwanachote/Desktop/research/msr-2025-challenge/repo/com.stenway:wsv
62,at.yawk.numaec:numa-eclipse-collections,/Users/nabhansuwanachote/Desktop/research/msr-2025-challenge/repo/at.yawk.numaec:numa-eclipse-collections
63,com.integralblue:httpresponsecache,/Users/nabhansuwanachote/Desktop/research/msr-2025-challenge/repo/com.integralblue:httpresponsecache
64,com.securionpay:securionpay-java,/Users/nabhansuwanachote/Desktop/research/msr-2025-challenge/repo/com.securionpay:securionpay-java
65,org.kquiet:hecate,/Users/nabhansuwanachote/Desktop/research/msr-2025-challenge/repo/org.kquiet:hecate
66,to.lova.jaxrs:jaxrs-range-filter,/Users/nabhansuwanachote/Desktop/research/msr-2025-challenge/repo/to.lova.jaxrs:jaxrs-range-filter
67,io.github.xkitsios:mix-piece_sim-piece,/Users/nabhansuwanachote/Desktop/research/msr-2025-challenge/repo/io.github.xkitsios:mix-piece_sim-piece
68,io.bspk:httpsig,/Users/nabhansuwanachote/Desktop/research/msr-2025-challenge/repo/io.bspk:httpsig
69,io.cloudslang.content:score-rft,/Users/nabhansuwanachote/Desktop/research/msr-2025-challenge/repo/io.cloudslang.content:score-rft
70,org.jpmml:jpmml-codemodel,/Users/nabhansuwanachote/Desktop/research/msr-2025-challenge/repo/org.jpmml:jpmml-codemodel
71,org.cryptomator:webdav-nio-adapter-servlet,/Users/nabhansuwanachote/Desktop/research/msr-2025-challenge/repo/org.cryptomator:webdav-nio-adapter-servlet
72,org.javaruntype:javaruntype,/Users/nabhansuwanachote/Desktop/research/msr-2025-challenge/repo/org.javaruntype:javaruntype
73,top.continew:continew-starter-api-doc,/Users/nabhansuwanachote/Desktop/research/msr-2025-challenge/repo/top.continew:continew-starter-api-doc
74,io.github.rctcwyvrn:blake3,/Users/nabhansuwanachote/Desktop/research/msr-2025-challenge/repo/io.github.rctcwyvrn:blake3
75,uk.co.modular-it:bean-utils,/Users/nabhansuwanachote/Desktop/research/msr-2025-challenge/repo/uk.co.modular-it:bean-utils
76,com.ttulka.spring.boot.configstore:configuration-properties-store-jdbc-spring-boot-starter,/Users/nabhansuwanachote/Desktop/research/msr-2025-challenge/repo/com.ttulka.spring.boot.configstore:configuration-properties-store-jdbc-spring-boot-starter
77,at.molindo:molindo-amazonclient,/Users/nabhansuwanachote/Desktop/research/msr-2025-challenge/repo/at.molindo:molindo-amazonclient
78,de.mytoys.maven.plugins:jspc-maven-plugin,/Users/nabhansuwanachote/Desktop/research/msr-2025-challenge/repo/de.mytoys.maven.plugins:jspc-maven-plugin
79,com.github.ajurasz:embedded-es-annotation,/Users/nabhansuwanachote/Desktop/research/msr-2025-challenge/repo/com.github.ajurasz:embedded-es-annotation
80,org.freehep:freehep-psviewer,/Users/nabhansuwanachote/Desktop/research/msr-2025-challenge/repo/org.freehep:freehep-psviewer
81,io.github.kilmajster:keycloak-event-listener-slack,/Users/nabhansuwanachote/Desktop/research/msr-2025-challenge/repo/io.github.kilmajster:keycloak-event-listener-slack
82,org.schmidrules:schmidrules,/Users/nabhansuwanachote/Desktop/research/msr-2025-challenge/repo/org.schmidrules:schmidrules
83,com.power4j.fist:fist-support-security,/Users/nabhansuwanachote/Desktop/research/msr-2025-challenge/repo/com.power4j.fist:fist-support-security
84,com.tosan.tools:tosan-mask-spring-boot-starter,/Users/nabhansuwanachote/Desktop/research/msr-2025-challenge/repo/com.tosan.tools:tosan-mask-spring-boot-starter
85,com.mobius-software.mqttsn:mqtt-sn-parser,/Users/nabhansuwanachote/Desktop/research/msr-2025-challenge/repo/com.mobius-software.mqttsn:mqtt-sn-parser
86,com.webotech:state-machine,/Users/nabhansuwanachote/Desktop/research/msr-2025-challenge/repo/com.webotech:state-machine
87,se.bjornblomqvist:jarinstaller,/Users/nabhansuwanachote/Desktop/research/msr-2025-challenge/repo/se.bjornblomqvist:jarinstaller
88,com.github.timols:seeder,/Users/nabhansuwanachote/Desktop/research/msr-2025-challenge/repo/com.github.timols:seeder
89,de.elomagic:spps-jbc,/Users/nabhansuwanachote/Desktop/research/msr-2025-challenge/repo/de.elomagic:spps-jbc
90,org.ianitrix:kafka-tracing-interceptors,/Users/nabhansuwanachote/Desktop/research/msr-2025-challenge/repo/org.ianitrix:kafka-tracing-interceptors
91,org.apache.servicecomb.pack:omega-spring-cloud-eureka-starter,/Users/nabhansuwanachote/Desktop/research/msr-2025-challenge/repo/org.apache.servicecomb.pack:omega-spring-cloud-eureka-starter
92,net.tirasa.connid.bundles:net.tirasa.connid.bundles.azure,/Users/nabhansuwanachote/Desktop/research/msr-2025-challenge/repo/net.tirasa.connid.bundles:net.tirasa.connid.bundles.azure
93,de.zalando:zmon-eventlog-service,/Users/nabhansuwanachote/Desktop/research/msr-2025-challenge/repo/de.zalando:zmon-eventlog-service
94,com.github.livesense:org.liveSense.service.apacheds,/Users/nabhansuwanachote/Desktop/research/msr-2025-challenge/repo/com.github.livesense:org.liveSense.service.apacheds
95,org.jsmart:rest-bdd-zerocode,/Users/nabhansuwanachote/Desktop/research/msr-2025-challenge/repo/org.jsmart:rest-bdd-zerocode
96,io.github.ucl-ingi:JavaGrader,/Users/nabhansuwanachote/Desktop/research/msr-2025-challenge/repo/io.github.ucl-ingi:JavaGrader
97,io.burt:athena-jdbc,/Users/nabhansuwanachote/Desktop/research/msr-2025-challenge/repo/io.burt:athena-jdbc
98,tech.energyit:fast-java-statsd-client,/Users/nabhansuwanachote/Desktop/research/msr-2025-challenge/repo/tech.energyit:fast-java-statsd-client
99,org.webframe:extjs,/Users/nabhansuwanachote/Desktop/research/msr-2025-challenge/repo/org.webframe:extjs
100,io.github.okvee:tscfg-docgen-core,/Users/nabhansuwanachote/Desktop/research/msr-2025-challenge/repo/io.github.okvee:tscfg-docgen-core
101,com.cogpunk:cogpunk-mathhammer,/Users/nabhansuwanachote/Desktop/research/msr-2025-challenge/repo/com.cogpunk:cogpunk-mathhammer
102,dev.mccue:jlayer-converter,/Users/nabhansuwanachote/Desktop/research/msr-2025-challenge/repo/dev.mccue:jlayer-converter
103,net.sf.jasperreports:jasperreports-chrome,/Users/nabhansuwanachote/Desktop/research/msr-2025-challenge/repo/net.sf.jasperreports:jasperreports-chrome
104,com.github.jiconfont:jiconfont-typicons,/Users/nabhansuwanachote/Desktop/research/msr-2025-challenge/repo/com.github.jiconfont:jiconfont-typicons
105,org.reaktivity:nukleus-flow.spec,/Users/nabhansuwanachote/Desktop/research/msr-2025-challenge/repo/org.reaktivity:nukleus-flow.spec
106,net.smartcosmos:smartcosmos-dao-relationships-default,/Users/nabhansuwanachote/Desktop/research/msr-2025-challenge/repo/net.smartcosmos:smartcosmos-dao-relationships-default
107,org.mule.services:mule-service-oauth,/Users/nabhansuwanachote/Desktop/research/msr-2025-challenge/repo/org.mule.services:mule-service-oauth
108,am.ik.yavi:yavi,/Users/nabhansuwanachote/Desktop/research/msr-2025-challenge/repo/am.ik.yavi:yavi
109,edu.iu.uits.lms:lms-canvas-viewem,/Users/nabhansuwanachote/Desktop/research/msr-2025-challenge/repo/edu.iu.uits.lms:lms-canvas-viewem
110,org.mapdb:mapdb-hz-offheap,/Users/nabhansuwanachote/Desktop/research/msr-2025-challenge/repo/org.mapdb:mapdb-hz-offheap
111,com.github.nikita-volkov.java:djdbc-functional-java,/Users/nabhansuwanachote/Desktop/research/msr-2025-challenge/repo/com.github.nikita-volkov.java:djdbc-functional-java
112,de.rub.nds:Asn1Tool,/Users/nabhansuwanachote/Desktop/research/msr-2025-challenge/repo/de.rub.nds:Asn1Tool
113,ca.mestevens.ios:xcode-project-parser,/Users/nabhansuwanachote/Desktop/research/msr-2025-challenge/repo/ca.mestevens.ios:xcode-project-parser
114,io.github.awidesky:ProcessExecutor,/Users/nabhansuwanachote/Desktop/research/msr-2025-challenge/repo/io.github.awidesky:ProcessExecutor
115,org.jisel:jisel,/Users/nabhansuwanachote/Desktop/research/msr-2025-challenge/repo/org.jisel:jisel
116,org.skife.vmware:vmrun-java-wrapper,/Users/nabhansuwanachote/Desktop/research/msr-2025-challenge/repo/org.skife.vmware:vmrun-java-wrapper
117,net.reevik:shade,/Users/nabhansuwanachote/Desktop/research/msr-2025-challenge/repo/net.reevik:shade
118,top.continew:continew-starter-security-crypto,/Users/nabhansuwanachote/Desktop/research/msr-2025-challenge/repo/top.continew:continew-starter-security-crypto
119,com.github.vicenthy.filehelpers4j:FileHelpers4J,/Users/nabhansuwanachote/Desktop/research/msr-2025-challenge/repo/com.github.vicenthy.filehelpers4j:FileHelpers4J
120,ca.exprofesso:guava-jcache,/Users/nabhansuwanachote/Desktop/research/msr-2025-challenge/repo/ca.exprofesso:guava-jcache
121,de.matrixweb.nodejs:nodejs,/Users/nabhansuwanachote/Desktop/research/msr-2025-challenge/repo/de.matrixweb.nodejs:nodejs
122,com.github.kasiprasad.contextspec:contextspec,/Users/nabhansuwanachote/Desktop/research/msr-2025-challenge/repo/com.github.kasiprasad.contextspec:contextspec
123,com.pcl-solutions.maven.wagons:rsync-maven-wagon,/Users/nabhansuwanachote/Desktop/research/msr-2025-challenge/repo/com.pcl-solutions.maven.wagons:rsync-maven-wagon
124,net.reevik:shade,/Users/nabhansuwanachote/Desktop/research/msr-2025-challenge/repo/net.reevik:shade
125,top.continew:continew-starter-security-crypto,/Users/nabhansuwanachote/Desktop/research/msr-2025-challenge/repo/top.continew:continew-starter-security-crypto
126,com.github.vicenthy.filehelpers4j:FileHelpers4J,/Users/nabhansuwanachote/Desktop/research/msr-2025-challenge/repo/com.github.vicenthy.filehelpers4j:FileHelpers4J
127,ca.exprofesso:guava-jcache,/Users/nabhansuwanachote/Desktop/research/msr-2025-challenge/repo/ca.exprofesso:guava-jcache
128,de.matrixweb.nodejs:nodejs,/Users/nabhansuwanachote/Desktop/research/msr-2025-challenge/repo/de.matrixweb.nodejs:nodejs
129,com.github.kasiprasad.contextspec:contextspec,/Users/nabhansuwanachote/Desktop/research/msr-2025-challenge/repo/com.github.kasiprasad.contextspec:contextspec
130,com.pcl-solutions.maven.wagons:rsync-maven-wagon,/Users/nabhansuwanachote/Desktop/research/msr-2025-challenge/repo/com.pcl-solutions.maven.wagons:rsync-maven-wagon
131,org.graylog2:syslog4j,/Users/nabhansuwanachote/Desktop/research/msr-2025-challenge/repo/org.graylog2:syslog4j
132,com.autognizant:ac-core,/Users/nabhansuwanachote/Desktop/research/msr-2025-challenge/repo/com.autognizant:ac-core
133,io.github.ericmedvet:jgea.problem,/Users/nabhansuwanachote/Desktop/research/msr-2025-challenge/repo/io.github.ericmedvet:jgea.problem
134,io.sdks:ev-recharge-sdk,/Users/nabhansuwanachote/Desktop/research/msr-2025-challenge/repo/io.sdks:ev-recharge-sdk
135,ch.randelshofer:org.jhotdraw8.collection,/Users/nabhansuwanachote/Desktop/research/msr-2025-challenge/repo/ch.randelshofer:org.jhotdraw8.collection
136,com.rubiconproject.oss:chendra,/Users/nabhansuwanachote/Desktop/research/msr-2025-challenge/repo/com.rubiconproject.oss:chendra
137,sh.tak.appbundler:appbundle-maven-plugin,/Users/nabhansuwanachote/Desktop/research/msr-2025-challenge/repo/sh.tak.appbundler:appbundle-maven-plugin
138,org.tickcode:BroadcastingInterfaces,/Users/nabhansuwanachote/Desktop/research/msr-2025-challenge/repo/org.tickcode:BroadcastingInterfaces
139,org.cubeengine.maven.plugins:githead-maven-plugin,/Users/nabhansuwanachote/Desktop/research/msr-2025-challenge/repo/org.cubeengine.maven.plugins:githead-maven-plugin
140,no.avexis:image-uploader,/Users/nabhansuwanachote/Desktop/research/msr-2025-challenge/repo/no.avexis:image-uploader
141,org.eclipse.ditto:ditto-signals-acks-things,/Users/nabhansuwanachote/Desktop/research/msr-2025-challenge/repo/org.eclipse.ditto:ditto-signals-acks-things
142,com.github.kristianhelgesen.aramis:aramis,/Users/nabhansuwanachote/Desktop/research/msr-2025-challenge/repo/com.github.kristianhelgesen.aramis:aramis
143,org.bboxdb:bboxdb,/Users/nabhansuwanachote/Desktop/research/msr-2025-challenge/repo/org.bboxdb:bboxdb
144,com.vaynberg.wicket.select25:wicket-select25,/Users/nabhansuwanachote/Desktop/research/msr-2025-challenge/repo/com.vaynberg.wicket.select25:wicket-select25
145,net.colesico.framework:colesico-openapi,/Users/nabhansuwanachote/Desktop/research/msr-2025-challenge/repo/net.colesico.framework:colesico-openapi
146,org.eclipse.digitaltwin.basyx:basyx.aasrepository-feature-mqtt,/Users/nabhansuwanachote/Desktop/research/msr-2025-challenge/repo/org.eclipse.digitaltwin.basyx:basyx.aasrepository-feature-mqtt
147,com.araguacaima:orpheus-db-test-jar,/Users/nabhansuwanachote/Desktop/research/msr-2025-challenge/repo/com.araguacaima:orpheus-db-test-jar
148,net.hydromatic:eigenbase-xom,/Users/nabhansuwanachote/Desktop/research/msr-2025-challenge/repo/net.hydromatic:eigenbase-xom
149,com.pastdev:jsch-nio,/Users/nabhansuwanachote/Desktop/research/msr-2025-challenge/repo/com.pastdev:jsch-nio
150,io.github.wistefan:gatling-aggregation-maven-plugin,/Users/nabhansuwanachote/Desktop/research/msr-2025-challenge/repo/io.github.wistefan:gatling-aggregation-maven-plugin
151,de.ralfebert:serialletter,/Users/nabhansuwanachote/Desktop/research/msr-2025-challenge/repo/de.ralfebert:serialletter
152,nl.42:spring-boot-starter-csv,/Users/nabhansuwanachote/Desktop/research/msr-2025-challenge/repo/nl.42:spring-boot-starter-csv
153,com.chaschev:chutils,/Users/nabhansuwanachote/Desktop/research/msr-2025-challenge/repo/com.chaschev:chutils
154,com.subshell.maven:resolver-maven-plugin,/Users/nabhansuwanachote/Desktop/research/msr-2025-challenge/repo/com.subshell.maven:resolver-maven-plugin
155,com.github.dcais:aggra,/Users/nabhansuwanachote/Desktop/research/msr-2025-challenge/repo/com.github.dcais:aggra
156,de.athalis.coreasm:coreasm-config,/Users/nabhansuwanachote/Desktop/research/msr-2025-challenge/repo/de.athalis.coreasm:coreasm-config
157,de.denktmit.testsupport.spring:spring-test-initializers,/Users/nabhansuwanachote/Desktop/research/msr-2025-challenge/repo/de.denktmit.testsupport.spring:spring-test-initializers
158,net.beardbot:subsonic-client,/Users/nabhansuwanachote/Desktop/research/msr-2025-challenge/repo/net.beardbot:subsonic-client
159,de.samply:reporter,/Users/nabhansuwanachote/Desktop/research/msr-2025-challenge/repo/de.samply:reporter
160,org.eclipse.ditto:ditto-model-namespaces,/Users/nabhansuwanachote/Desktop/research/msr-2025-challenge/repo/org.eclipse.ditto:ditto-model-namespaces
161,com.github.alaisi.pgasync:postgres-async-driver,/Users/nabhansuwanachote/Desktop/research/msr-2025-challenge/repo/com.github.alaisi.pgasync:postgres-async-driver
162,com.lyra:server-rest-sdk,/Users/nabhansuwanachote/Desktop/research/msr-2025-challenge/repo/com.lyra:server-rest-sdk
163,br.com.progolden:dne-utils,/Users/nabhansuwanachote/Desktop/research/msr-2025-challenge/repo/br.com.progolden:dne-utils
164,org.zkoss:zkgooglecharts,/Users/nabhansuwanachote/Desktop/research/msr-2025-challenge/repo/org.zkoss:zkgooglecharts
165,com.power4j:idempotent-guard-spring-boot-starter,/Users/nabhansuwanachote/Desktop/research/msr-2025-challenge/repo/com.power4j:idempotent-guard-spring-boot-starter
166,io.github.jodavimehran:code-tracker,/Users/nabhansuwanachote/Desktop/research/msr-2025-challenge/repo/io.github.jodavimehran:code-tracker
167,com.fuzhutech:fuzhutech-mybatis-generator,/Users/nabhansuwanachote/Desktop/research/msr-2025-challenge/repo/com.fuzhutech:fuzhutech-mybatis-generator
168,com.theoryinpractise:halbuilder-jaxrs,/Users/nabhansuwanachote/Desktop/research/msr-2025-challenge/repo/com.theoryinpractise:halbuilder-jaxrs
169,com.nectify:hornet-connector-java,/Users/nabhansuwanachote/Desktop/research/msr-2025-challenge/repo/com.nectify:hornet-connector-java
170,de.powerstat.validation:validation,/Users/nabhansuwanachote/Desktop/research/msr-2025-challenge/repo/de.powerstat.validation:validation
171,com.github.charithe:functional-java-plus,/Users/nabhansuwanachote/Desktop/research/msr-2025-challenge/repo/com.github.charithe:functional-java-plus
172,dev.stratospheric:cdk-constructs,/Users/nabhansuwanachote/Desktop/research/msr-2025-challenge/repo/dev.stratospheric:cdk-constructs
173,network.oxalis.vefa:peppol-icd,/Users/nabhansuwanachote/Desktop/research/msr-2025-challenge/repo/network.oxalis.vefa:peppol-icd
174,de.frachtwerk:essencium-backend-storage-module,/Users/nabhansuwanachote/Desktop/research/msr-2025-challenge/repo/de.frachtwerk:essencium-backend-storage-module
175,com.sqlancer:sqlancer,/Users/nabhansuwanachote/Desktop/research/msr-2025-challenge/repo/com.sqlancer:sqlancer
176,de.vandermeer:ascii-utf-themes,/Users/nabhansuwanachote/Desktop/research/msr-2025-challenge/repo/de.vandermeer:ascii-utf-themes
177,com.abstratt:cloudfier-maven-plugin,/Users/nabhansuwanachote/Desktop/research/msr-2025-challenge/repo/com.abstratt:cloudfier-maven-plugin
178,com.sachinhandiekar:jInstagram,/Users/nabhansuwanachote/Desktop/research/msr-2025-challenge/repo/com.sachinhandiekar:jInstagram
179,org.kiwiproject:retrying-again,/Users/nabhansuwanachote/Desktop/research/msr-2025-challenge/repo/org.kiwiproject:retrying-again
180,com.jamierf.dropwizard:dropwizard-logging-gelf,/Users/nabhansuwanachote/Desktop/research/msr-2025-challenge/repo/com.jamierf.dropwizard:dropwizard-logging-gelf
181,br.com.progolden:vraptor-boilerplate-hibernate,/Users/nabhansuwanachote/Desktop/research/msr-2025-challenge/repo/br.com.progolden:vraptor-boilerplate-hibernate
182,org.swordapp:sword2-client,/Users/nabhansuwanachote/Desktop/research/msr-2025-challenge/repo/org.swordapp:sword2-client
183,io.openmessaging:registry-server,/Users/nabhansuwanachote/Desktop/research/msr-2025-challenge/repo/io.openmessaging:registry-server
184,io.vertx:vertx-zookeeper,/Users/nabhansuwanachote/Desktop/research/msr-2025-challenge/repo/io.vertx:vertx-zookeeper
185,org.commonjava.maven.plugins:monolith-maven-plugin,/Users/nabhansuwanachote/Desktop/research/msr-2025-challenge/repo/org.commonjava.maven.plugins:monolith-maven-plugin
186,cloud.pianola:cdk-fluent-assertions,/Users/nabhansuwanachote/Desktop/research/msr-2025-challenge/repo/cloud.pianola:cdk-fluent-assertions
187,com.github.sebhoss:fiscal-year,/Users/nabhansuwanachote/Desktop/research/msr-2025-challenge/repo/com.github.sebhoss:fiscal-year
188,com.bq.oss.lib:cli,/Users/nabhansuwanachote/Desktop/research/msr-2025-challenge/repo/com.bq.oss.lib:cli
189,de.digitalcollections.cudami:cudami-website-frontend,/Users/nabhansuwanachote/Desktop/research/msr-2025-challenge/repo/de.digitalcollections.cudami:cudami-website-frontend
190,io.github.willhains:package-info-maven-plugin,/Users/nabhansuwanachote/Desktop/research/msr-2025-challenge/repo/io.github.willhains:package-info-maven-plugin
